evalNo,evalNm,evalYy,yearChasu,startYmd,endYmd,progRate,proStage,no
E10000000003,북오송 S/S 배전인출 전력구공사 사후 지하안전영향조사 ,2019,1,20191029,20200310,100.00,진행중,1
E00084000003,"청주지역 전기공급시설 관로공사(1-1차, 목련로구간)",,,,,,작성중,1
E00226000010,"동구 신천동 327-3,4 근린생활시설 및 오피스텔 신축공사",2019,1,20191118,20200521,35.00,진행중,1
E00038000079,평택 고덕지구 11-1-1BL 복합시설 신축공사 사후지하안전영향조사,,,,,,진행중,1
E00038000080,광진구 화양동 111-85번지 일원 오피스텔 신축공사 사후지하안전영향조사,,,,,,작성중,1
E00216000001,내부순환(만덕-센텀)도시고속화도로 민간투자사업 사후지하안전영향조사,,,,,,진행중,1
E00248000001,중랑구 묵동 역세권 청년주택 신축공사,,,,,,승인완료,1
E00002000025,구로동 103-9 복합빌딩 사후지하안전영향조사,,,,,,진행중,1
E00093000010,성남글로벌 ICT융합 플래닛 건립공사 사후지하안전영향조사 용역,2019,1,20191014,20210219,100.00,진행중,1
E00093000010,성남글로벌 ICT융합 플래닛 건립공사 사후지하안전영향조사 용역,2020,1,20191014,20210219,100.00,진행중,2
E00093000010,성남글로벌 ICT융합 플래닛 건립공사 사후지하안전영향조사 용역,2021,1,20191014,20210219,100.00,진행중,3
E00035000028,대구 달성군 현풍면 중리 오피스텔 신축공사 사후지하안전영향조사 용역,2019,1,20191030,20191230,8.00,진행중,1
E00035000028,대구 달성군 현풍면 중리 오피스텔 신축공사 사후지하안전영향조사 용역,2020,2,20200601,20200807,26.00,진행중,2
E00038000082,수도권광역급행철도A노선 민간투자사업 사후지하안전영향조사,2020,4,20200401,20200630,3.00,진행중,1
E00032000002,울산미포국가산단(석유화학단지) 완충저류시설 설치사업 사후지하안전영향조사 용역,2021,0,20191001,20210325,100.00,진행중,1
E00032000003,온산 덕신 근린공원 진입도로 개설공사 사후지하안전영향조사 용역,2022,1,20200909,20220331,100.00,진행중,1
E00219000001,2019년 파주지사 열수송관공사 사후지하안전영향조사,2020,1,20200326,20200615,100.00,진행중,1
E00190000024,대구광역시 중구 삼덕동2가 빌리브 프리미어 주상복합 신축공사,,,,,,진행중,1
E00200000027,영종도 하늘도시 B10-1-1BL 오피스텔 사후지하안전영향조사 용역,2019,1,20191212,20200428,27.00,작성중,1
E00200000027,영종도 하늘도시 B10-1-1BL 오피스텔 사후지하안전영향조사 용역,2020,1,20191212,20200428,27.00,작성중,2
E00078000002,사후지하안전영향조사 용역(동서울~미금T/L 등 2개 전력구) ,2023,35,20230703,20230721,100.00,진행중,1
E00169000004,수원 팔달구 인계동 1125-1번지 일대 업무복합시설 신축공사,2020,1,20200810,20200831,5.00,진행중,1
E00063000031,고양 향동지구 상업3-2블럭 복합시설 신축공사 사후지하안전영향조사용역,2020,1,20201001,20201030,7.00,진행중,1
E00063000031,고양 향동지구 상업3-2블럭 복합시설 신축공사 사후지하안전영향조사용역,2021,1,20201001,20211031,45.00,진행중,2
E00063000031,고양 향동지구 상업3-2블럭 복합시설 신축공사 사후지하안전영향조사용역,2022,1,20201001,20211031,45.00,진행중,3
E00063000032,"고양 향동지구 상업4-1,2블럭 복합시설 신축공사 사후지하안전영향조사용역",2020,1,20201001,20201030,7.00,진행중,1
E00063000032,"고양 향동지구 상업4-1,2블럭 복합시설 신축공사 사후지하안전영향조사용역",2021,1,20211101,20211202,47.00,진행중,2
E00063000032,"고양 향동지구 상업4-1,2블럭 복합시설 신축공사 사후지하안전영향조사용역",2022,1,20201001,20211130,46.00,진행중,3
E00063000033,고양 향동지구 상업6-1블럭 복합시설 신축공사 사후지하안전영향조사용역,2020,1,20201001,20201030,7.00,진행중,1
E00063000033,고양 향동지구 상업6-1블럭 복합시설 신축공사 사후지하안전영향조사용역,2021,1,20201001,20211105,45.00,진행중,2
E00063000033,고양 향동지구 상업6-1블럭 복합시설 신축공사 사후지하안전영향조사용역,2022,1,20201001,20211031,45.00,진행중,3
E00114000019,서울특별시 양천구 신정동 922-1외 제이클래스 목동 주상복합 신축사업 사후 지하안전영향조사 승계계약서,2022,1,20201001,20220329,100.00,작성중,1
E00044000017,장충동 교육연구시설 신축공사 사후지하안전영향조사,2020,1,20200907,20201030,6.00,진행중,1
E00044000017,장충동 교육연구시설 신축공사 사후지하안전영향조사,2022,0,20200907,20220329,65.00,진행중,2
E00105000018,이천 하이닉스 M16 비개착공동구 설치공사 사후지하안전영향조사,2021,1,20190501,20201130,100.00,진행중,1
E00010000026,서울중앙지사 복합시설 개발사업 사후지하안전영향조사,2020,1,20200907,20220228,100.00,작성중,1
E00010000026,서울중앙지사 복합시설 개발사업 사후지하안전영향조사,2022,2,20200907,20220228,100.00,작성중,2
E00010000026,서울중앙지사 복합시설 개발사업 사후지하안전영향조사,2023,16,20200907,20220430,100.00,작성중,3
E10082000002,천안지역 전기공급시설 전력구공사 사후지하안전영향조사용역,2019,1,20191216,20201023,98.00,진행중,1
E10082000002,천안지역 전기공급시설 전력구공사 사후지하안전영향조사용역,2021,1,20191216,20210324,100.00,진행중,2
E00102000076,서초동 1339-7번지 청화오피스텔 신축공사,,,,,,진행중,1
E00044000020,마곡 크리스탈지노믹스 R&D센터 신축공사에 따른 사후지하안전영향조사 용역,2022,1,20220401,20220430,65.00,진행중,1
E00044000023,여의도동 27-2 업무시설(서울회관 재건축) 사후지하안전영향조사,2022,0,20201016,20221031,31.00,진행중,1
E00097000008,범어동 oo 주상복합 신축공사 사후지하안전영향조사 용역,2021,9,20210710,20210810,42.00,진행중,1
E00097000008,범어동 oo 주상복합 신축공사 사후지하안전영향조사 용역,2023,8,20201209,20210810,100.00,진행중,2
E00099000020,Ex-Smart Center 신축공사 사후지하안전영향조사,2020,1,20191014,20201216,34.00,진행중,1
E00052000012,2020년 화성지사 열수송관공사 사후지하안전영향조사,2021,2,20210201,20210228,100.00,진행중,1
E00200000033,위례신도시 일상5 1-2블럭 오피스텔 사후지하안전영향평가용역,,,,,,진행중,1
E00114000021,파주 운정지구 F5-2블럭 2-4 오피스텔 신축공사 중 사후지하안전영향조사서,2020,1,20190111,20201130,100.00,진행중,1
E00114000021,파주 운정지구 F5-2블럭 2-4 오피스텔 신축공사 중 사후지하안전영향조사서,2021,0,20190111,20201130,100.00,진행중,2
E00039000009,서울시 금천구 가산동 554-2번지 지식산업센터 신축공사 사후지하안전영향조사,2019,1,20191213,20201124,45.00,진행중,1
E00039000009,서울시 금천구 가산동 554-2번지 지식산업센터 신축공사 사후지하안전영향조사,2020,1,20191213,20201124,40.00,진행중,2
E00039000009,서울시 금천구 가산동 554-2번지 지식산업센터 신축공사 사후지하안전영향조사,2021,1,20191223,20201124,45.00,진행중,3
E10044000013,"안산시 성포동 593-4,5번지 사랑의 병원 증축공사",2021,1,20191014,20200620,100.00,진행중,1
E00030000013,수원시 서둔동 자동차매매장 신축공사,2021,1,20201220,20211031,100.00,진행중,1
E00102000085,용인 현성 더테라스 신축공사 사후지하안전영향조사,2021,1,20191201,20201231,100.00,진행중,1
E10068000002,양산~사송연계 2단계 및 사송지구 내 열수송관공사 사후지하안전영향조사,2021,4,20201204,20210325,100.00,진행중,1
E00017000038,당진대덕수청지구 상업시설 신축공사,2021,2,20190930,20200430,100.00,진행중,1
E00017000038,당진대덕수청지구 상업시설 신축공사,2024,1,20190801,20200430,100.00,진행중,2
E00203000047,고덕 국제화계획지구 업무시설용지 12-2-1BL 판매시설 및 근린생활시설 신축공사,,,,,,진행중,1
E00102000090,동국제약 청담동 사옥 신축공사,2021,1,20200613,20200813,100.00,진행중,1
E00130000009,도봉산~옥정 광역철도 건설공사 사후지하안전영향조사,,,,,,진행중,1
E00226000015,뉴 센트럴 두산 위브 더제니스 아파트,2021,8,20200302,20210903,14.00,진행중,1
E00004000014,"전주에코시티1,2블럭 주상복합 신축공사 사후지하안전영향조사 용역",2021,1,20191126,20210116,100.00,진행중,1
E00038000087,장교구역 12지구 도시환경정비사업 사후지하안전영향조사서,2021,1,20190513,20200401,100.00,진행중,1
E00038000088,2019년 중앙지사 열수송관공사 사후지하안전영향조사,2021,1,20200502,20200716,100.00,진행중,1
E10044000016,수원시 광교지구 IM CENTER 신축공사,2021,1,20190411,20200730,100.00,진행중,1
E10086000005,강남구 논현동 6-1 업무시설 신축공사 사후지하안전영향조사서,2022,0,20220301,20220331,100.00,진행중,1
E10086000005,강남구 논현동 6-1 업무시설 신축공사 사후지하안전영향조사서,2024,15,20220301,20220331,50.00,진행중,2
E00038000090,동탄2신도시 업무 6-1블럭 복합시설 신축공사 사후지하안전영향조사,2021,1,20191001,20200826,100.00,진행중,1
E00167000007,지하철 승강편의시설 사후지하안전영향 조사 용역(청량리역외1개역/4호선 동대문역사문화공원역 #4번출구),2021,8,20201221,20210912,100.00,진행중,1
E00167000008,지하철 승강편의시설 사후지하안전영향 조사 용역(청량리역외1개역),2021,1,20201221,20210928,68.00,진행중,1
E10089000001,광안동 종합병원 건립공사 사후지하안전영향조사용역,2022,1,20221001,20221031,100.00,진행중,1
E00102000093,안양동 395-29 외 4필지 오피스텔 및 공동주택 신축공사,2023,2,20201202,20230228,98.00,진행중,1
E00102000094,용산구 한남동 726-166 근생 및 업무시설 신축공사,2021,1,20190527,20200515,100.00,진행중,1
E10044000017,아산 배방지구 근린 & 오피스텔 신축공사,,,,,,진행중,1
E00080000034,"성동구도선동 101, 102번지 사후지하안전영향조사서",2021,9,20191009,20200610,100.00,진행중,1
E00099000024,"도내동 972,973번지 복합시설 신축공사 사후지하안전영향조사",2021,0,20200228,20201225,12.00,진행중,1
E00099000025,"도내동 974,975번지 복합시설 신축공사 사후지하안전영향조사",2021,1,20200228,20201225,12.00,진행중,1
E10008000013,광양(I) 시설보강공사 사후지하안전영향조사,2021,1,20210203,20210610,70.00,진행중,1
E00035000043,강릉시 내곡동 공동주택 신축공사 사후지하안전영향조사,2022,1,20210115,20221130,49.00,진행중,1
E00102000097,신도림동 오피스텔 및 복합시설 신축공사,2022,0,20220501,20220531,42.00,진행중,1
E10086000007,대구시 달서구 감삼동 599-51외 5필지 주거복합 신축공사 사후지하안전영향조사서,2023,0,20230301,20230331,100.00,진행중,1
E10086000007,대구시 달서구 감삼동 599-51외 5필지 주거복합 신축공사 사후지하안전영향조사서,2024,25,20230301,20230331,52.00,진행중,2
E00063000040,강남역 오피스 개발사업 사후지하안전영향조사 용역,2022,1,20210201,20220513,65.00,진행중,1
E00225000004,"안성-평택지역 전기공급시설 전력구공사(고덕-서안성, 원암리) 사후지하안전영향 조사용역2차",2023,5,20210901,20230324,100.00,진행중,1
E00116000022,논현동 도산대로 150 개발사업,2022,0,20201026,20220731,100.00,진행중,1
E00130000011,진접선(4호선연장) 차량기지 건설사업 사후지하안전영향조사 용역,,,,,,진행중,1
E00133000030,광명시 하안동 일반상업구역 C-3블럭 지식산업센터 신축공사,2021,1,20190706,20211022,100.00,진행중,1
E00047000052,가산동 양지사부지(451-1번지) 지식산업센터 신축공사,2023,1,20230101,20230130,100.00,진행중,1
E00047000053,가산동 양지사부지(452-1번지) 지식산업센터 신축공사,2023,1,20230101,20230130,100.00,진행중,1
E00099000027,스타필드 수원 사후지하안전영향조사,2023,1,20220125,20230414,100.00,진행중,1
E10008000014,고속국도 제400호선 김포-파주간 건설공사 제2공구 사후지하안전영향조사,,,,,,진행중,1
E00038000094,"동탄2택지개발지구 문화복합 11-1,2,3,4(MC1) 신축공사",2021,1,20200319,20210127,100.00,진행중,1
E00219000002,"평택 P3 PROJECT 터널공사(배관구, 2.6/4.0) 착공후지하안전조사",2023,30,20210315,20230728,100.00,진행중,1
E00196000008,화성동탄(2)지구 일반상업용지 11블럭 복합시설 신축공사,2021,2,20210301,20210331,95.00,진행중,1
E00239000005,대전 중구 선화동 106-1번지 주상복합 신축공사,2023,0,20230301,20230331,100.00,진행중,1
E00196000009,화성동탄(2)지구 일반상업용지 12블럭 복합시설 신축공사,2021,2,20210301,20210331,95.00,진행중,1
E00133000032,대구 삼덕동 주상복합 신축공사,2023,1,20210301,20230630,100.00,진행중,1
E00039000013,만도 NEXT M 사후지하안전영향조사,2021,1,20200519,20210306,12.00,진행중,1
E10011000003,"평택지역 전기공급시설 전력구공사(고덕-서안성, 브레인시티) 사후지하안전영향조사용역",2022,2,20221101,20221125,100.00,진행중,1
E00010000032,양재동 오피스텔 신축공사 사후지하안전영향조사,2021,2,20201006,20210819,100.00,진행중,1
E00056000012,"강남구 역삼동 653-4번지 지구단위계획 A1, A2BL 신축공사 사후지하안전영향조사(최초보고)",2021,1,20210302,20210326,0.00,진행중,1
E00056000012,"강남구 역삼동 653-4번지 지구단위계획 A1, A2BL 신축공사 사후지하안전영향조사(최초보고)",2023,1,20230401,20230430,60.00,진행중,2
E00134000039,인천검단지구 AA14BL 공동주택 신축공사 중 사후 지하안전영향조사,2021,1,20190501,20210205,60.00,진행중,1
E00134000039,인천검단지구 AA14BL 공동주택 신축공사 중 사후 지하안전영향조사,2023,1,20190520,20210204,100.00,진행중,2
E00133000035,다산신도시 진건지구 자족용지 3BL 지식산업센터 신축공사,2021,1,20191001,20210228,100.00,진행중,1
E10008000015,등촌동 14-7 지식산업센터 신축공사 사후지하안전영향조사 수행,2021,1,20190911,20210405,100.00,진행중,1
E10056000004,청양~부여 천연가스 공급시설 제2공구 건설공사 사후지하안전영향조사 용역,2022,1,20220901,20220930,100.00,진행중,1
E00121000036,"청라국제도시 C4-1-5,6 복합시설 신축공사",2021,1,20191101,20210228,100.00,진행중,1
E10091000002,잠실동 청년주택 신축공사 사후지하안전영향조사,2022,0,20210204,20221112,41.00,진행중,1
E00139000021,업성호수타운 CGV 신축공사,2022,2,20221107,20221124,53.00,진행중,1
E00102000103,시흥은계지구 상업2-2BL 오피스텔 신축공사,2021,1,20200204,20210409,100.00,진행중,1
E00102000104,논현동 40-5번지 공공문화 복합청사 신축공사,2022,1,20210101,20220930,100.00,진행중,1
E10007000010,오토렉스청라 중고차 수출 및 매매상사 신축공사,2022,1,20220401,20220430,27.00,진행중,1
E10007000010,오토렉스청라 중고차 수출 및 매매상사 신축공사,2023,1,20230301,20230331,53.00,진행중,2
E00005000016,음성 성본산업단지 폐기물최종처리시설 조성사업 사후지하안전영향조사,2021,5,20210701,20210731,100.00,진행중,1
E10083000005,대저1 자연재해위험개선지구 정비사업(신덕배수펌프장),2021,5,20210701,20210715,100.00,진행중,1
E10085000005,은평 광역자원순환센터 건립사업 사후 지하안전영향조사 용역,2024,29,20240617,20240731,100.00,진행중,1
E00133000037,성남고등지구 자족용지 지식산업센터 신축공사,2021,1,20190321,20200115,100.00,진행중,1
E00121000037,인천검단지구 AA12-2BLOCK 공동주택용지 신축공사,2021,1,20191101,20210401,100.00,진행중,1
E00121000039,다산지금지구 상2BL 다산지금디포레 신축공사,2022,0,20210401,20220630,100.00,진행중,1
E00115000014,내곡동 소리박물관 신축공사 사후지하안전영향조사(최초),2022,0,20220601,20220630,100.00,진행중,1
E10006000010,우동1513 생활형숙박시설 착공후지하안전조사,2023,2,20230301,20230415,100.00,진행중,1
E00017000046,지하안전영향평가 재검토 및 사후평가 용역 파주 운정 오피스텔 개발사업,2023,1,20230201,20230228,100.00,진행중,1
E10001000002,정자동 4-5번지 연구시설 신축공사 사후지하안전영향조사 용역,2022,0,20221001,20221101,100.00,진행중,1
E00100000003,광주도시철도 2호선 1단계 건설공사 사후지하안전영향조사용역,,,,,,진행중,1
E00038000096,동대문구 청량리동 오피스텔 및 공동주택 신축공사 사후지하안전영향조사 용역,2022,0,20220501,20220531,100.00,진행중,1
E00106000031,강남지사 열수송망 성능 보강공사(2단계) 사후지하안전영향조사,2021,2,20210215,20210430,100.00,진행중,1
E00088000019,부천 소사본동 주상복합 신축공사 사후 지하안전영향평가 용역,2022,1,20220601,20220727,46.00,진행중,1
E00039000016,SW드림타운 건립공사 사후지하안전영향조사 용역,2022,1,20210401,20220831,36.00,진행중,1
E00063000044,남양주시 다산지금 자족 2BL 지식산업센터 신축공사 사후지하안전영향조사용역,2022,1,20210401,20220211,47.00,진행중,1
E00190000032,동탄~고덕 연계 열수공관공사 사후지하안전영향조사 보고서,2023,4,20210504,20221123,100.00,진행중,1
E00072000006,서울시 광진구 화양동 오피스텔 신축공사 사후지하안전영향조사,2022,0,20210401,20220430,100.00,진행중,1
E00066000063,남양주 도농공원 개발행위 특례사업 공동주택 신축공사,2022,1,20220601,20220630,100.00,진행중,1
E00066000064,"안양시 만안구 안양동 627-30,32번지 업무복합시설 신축공사",2022,1,20221031,20221130,100.00,진행중,1
E10076000001,울산역 복합환승센터 주변 기반시설 정비공사 사후지하안전영향조사 용역,,,,,,진행중,1
E00052000013,부산항(북항) 재개발사업지 내 상업·업무지구 D-3블럭 개발사업 사후지하안전영향조사,2023,32,20231110,20231215,100.00,진행중,1
E00121000041,"청라국제도시 GC2-2-2, 4BL(인천 청라동 209-2, 3번지) 오피스텔 신축공사",2022,0,20220701,20220801,100.00,진행중,1
E00154000036,인천 검단신도시 C8-2-2 근린생활시설 및 오피스텔 신축공사,2021,0,20210801,20210913,27.00,진행중,1
E00154000036,인천 검단신도시 C8-2-2 근린생활시설 및 오피스텔 신축공사,2022,8,20220301,20220408,25.00,진행중,2
E00060000033,안양 Serviced Residence Hotel 복합개발사업,2022,1,20221011,20221110,100.00,진행중,1
E00047000062,대구 동구 신암동 주상복합 신축공사,2023,1,20230825,20230927,100.00,진행중,1
E00022000044,강남구 논현동 249-9번지 외 1필지 신축공사,2022,1,20201201,20220430,27.00,진행중,1
E00043000028,세종시어진동 665 관공호텔 및 근린생활시설신축공사 중 터파기굴토관련 사후지하안전영향조사 용역,2023,1,20210401,20220930,62.00,진행중,1
E10080000005,청주지역 전기공급시설 전력구공사(신청주분기) 사후지하안전영향조사 용역,,,,,,진행중,1
E00017000048,고양시 원흥동 오피스텔 사후지하안전영향평가 용역,2022,1,20191130,20221031,37.00,진행중,1
E00038000098,"판교 제2테크노밸리 E9-1,2 블록 신축공사 사후지하안전영향조사",,,,,,진행중,1
E00017000049,음성-진천지역 전력구공사(광혜원-대소) 사후 지하안전영향조사 용역,2023,0,20210501,20210930,100.00,진행중,1
E00141000024,서울 동남권지역 전기공급시설 전력구공사(동서울#2~강남 5차),2021,1,20200519,20210712,100.00,진행중,1
E10099000001,대구 중구 태평로1가 주상복합 신축공사 사후 지하안전영향조사 용역,2022,1,20210422,20221031,100.00,진행중,1
E10099000001,대구 중구 태평로1가 주상복합 신축공사 사후 지하안전영향조사 용역,2023,1,20221006,20221031,28.00,진행중,2
E00106000034,구리 갈매 자족1 지식산업센터 사후지하안전영향조사,2023,0,20210401,20230228,50.00,진행중,1
E10092000002,하남 감일 벨솔레파크 신축공사 사후지하안전영향조사,2022,1,20220201,20220324,25.00,진행중,1
E00042000036,인천 검단지구 C5-1-2 오피스텔 신축공사 사후지하안전영향조사,2022,1,20211201,20211225,35.00,진행중,1
E00066000070,다산 지금지구 자족6BL 지식산업센터 신축공사,2021,1,20191101,20210430,100.00,진행중,1
E00098000020,백운-광양항2차 사후지하안전영향조사 용역,2022,1,20210510,20220306,100.00,진행중,1
E00023000053,양재역세권 2030 청년주택 신축공사 사후지하안전영향조사 용역,2022,0,20220101,20220131,100.00,진행중,1
E10044000022,청주시 오창읍 복합시설 신축공사중 사후지하안전영향조사,2022,1,20220701,20220731,19.00,진행중,1
E00098000021,대전 한신더휴 리저브 주상복합 신축공사,2023,26,20210301,20230630,100.00,진행중,1
E10086000012,남원시 신정동 1차 공동주택 신축공사 사후지하안전영향조사,2021,0,20211001,20211130,30.00,진행중,1
E10086000012,남원시 신정동 1차 공동주택 신축공사 사후지하안전영향조사,2024,11,20211001,20211130,30.00,진행중,2
E00114000024,"경기도 수원기 팔달구 인계동 1035-5,6번지 근린복합시설 신축공사",2021,1,20210417,20210531,100.00,진행중,1
E00165000008,P3-LINE 전력공동구 사후 지하안전영향평가 조사,2021,1,20210104,20211030,100.00,진행중,1
E00143000026,판교 제2테크노밸리(D1-1) 오피스텔 신축공사 중 사후지하안전영향평가 용역,2021,1,20211201,20220131,41.00,진행중,1
E00143000026,판교 제2테크노밸리(D1-1) 오피스텔 신축공사 중 사후지하안전영향평가 용역,2022,1,20211201,20211231,41.00,진행중,2
E10097000005,대구 태평로3가(달성공원역) 주상복합 신축공사 착공후지하안전조사,2023,27,20210331,20230901,100.00,진행중,1
E00223000008,"안성-평택지역 전기공급시설 전력구공사(고덕-서안성, 산하리) 사후지하안전영향조사",,,,,,진행중,1
E00210000022,대전 선화동 87-5번지 일원 주상복합 신축공사  사후지하안전영향조사,2023,26,20230710,20230731,100.00,진행중,1
E00027000029,김포한강신도시 MS-11-3BL 복합시설 신축공사,2021,1,20190902,20210630,100.00,진행중,1
E10104000003,경기도 안양시 호계동 949-9번지 일원 오피스텔 신축공사,2021,1,20200313,20210430,100.00,진행중,1
E00164000018,노고산동 도시형생활주택 신축공사 사후지하안전영향조사 용역,2022,1,20220401,20220430,47.00,진행중,1
E00223000009,연희 공공주택지구 사천 빗물펌프장 토공사 사후지하안전영향조사 용역,,,,,,진행중,1
E00126000046,성수동1가13-17외 지식산업센터 신축공사,2021,1,20210301,20210507,46.00,진행중,1
E10009000009,서귀포 중문관광단지 하수관로 정비사업,2024,39,20210520,20240920,100.00,진행중,1
E00022000050,도곡동 공동주택 신축공사(강남구 도곡동 946-11 외 2필지),2022,1,20201101,20220730,48.00,진행중,1
E00022000051,"용인테크노밸리(지원3-9,10)주상복합 신축공사",2022,1,20210201,20220228,32.00,진행중,1
E00022000052,해운대 우동 548번지 주거복합시설 신축공사,2022,1,20210201,20220630,35.00,진행중,1
E00022000052,해운대 우동 548번지 주거복합시설 신축공사,2024,4,20210201,20240331,94.00,진행중,2
E00022000054,경기도 하남시 감일동 151-2번지 하남감일지구 주상복합 신축공사,2022,1,20200901,20211231,30.00,진행중,1
E00056000016,고양덕은 도시개발사업지구 업무복합시설 신축공사 사후지하안전영향조사,2024,31,20231201,20231231,80.00,진행중,1
E00116000027,서초동 1445-1번지 오피스텔 신축공사,2022,0,20210514,20221103,100.00,진행중,1
E00068000003,낭산 배전인출 전력구공사 사후지하안전영향조사 용역,2022,1,20220415,20220429,100.00,진행중,1
E00066000077,대구광역시 만촌동 1040-14일원 주상복합 신축공사,2021,2,20191101,20210531,100.00,진행중,1
E00022000059,청라국제도시 상업C-17-1-2블럭 오피스텔 신축공사,2021,9,20200812,20211003,37.00,진행중,1
E00022000060,"금천구 가산동 60-26,60-40번지 지식산업센터 신축공사 중 착공후지하안전조사",2022,1,20200901,20221031,44.00,진행중,1
E10109000001,아난티 캐비넷드 이터널저니 신축공사 ,2022,0,20220901,20220916,100.00,진행중,1
E10109000002,KMH 사옥 신축공사 사후 지하안전영향조사 용역,2022,1,20201214,20220316,100.00,진행중,1
E00134000045,서울 은평구 은평뉴타운 업무1BL 업무시설 신축공사 사후지하안전영향조사,2022,1,20210405,20220630,100.00,진행중,1
E00190000039,구리갈매 자족유통 2BL 신축공사 사후지하안전영향평가 용역,2021,1,20210531,20210719,35.00,진행중,1
E00003000008,345kV 신성남~동서울T/L 판교대장지구 지중화 공사 사후지하안전영향조사 용역,2021,1,20190801,20210713,100.00,진행중,1
E00106000036,여주 천송동 주상복합시설 신축공사 사후지하안전영향조사,2022,1,20220701,20220731,40.00,진행중,1
E10091000006,강원도 양양군 강현면 주청리 생활형 숙박시설 근린생활시설 신축공사 사후지하안전영향조사 용역,2023,1,20230101,20230131,39.00,진행중,1
E00198000024,와동동 퍼스트클래스 오피스텔 신축공사 사후 지하안전영향평가,2022,1,20210601,20220630,100.00,진행중,1
E00021000016,동탄2신도시 체육 1BL 복합시설 신축공사 (사후지하안전영향평가) ,2021,1,20191001,20210531,100.00,진행중,1
E00106000037,양화로 복합시설 신축공사 사후지하안전영향 조사,2023,9,20220801,20221031,100.00,진행중,1
E00115000019,서울 중구 황학동 1229번지 외 업무시설 및 근린생활시설 신축공사 사후지하안전영향조사,2023,0,20230101,20230131,53.00,진행중,1
E00066000079,고덕비즈밸리 유통판매 1BL 복합시설 신축공사,2024,1,20210701,20240403,100.00,진행중,1
E00210000023,현대모비스 의왕 기술연구동 신축공사 사후지하안전영향조사,2023,1,20230111,20230131,100.00,진행중,1
E00044000040,몬트레아 한남 오피스텔 신축공사 사후 지하안전영향조사 용역,2021,0,20230422,20230515,100.00,진행중,1
E00044000040,몬트레아 한남 오피스텔 신축공사 사후 지하안전영향조사 용역,2023,0,20230422,20230515,100.00,진행중,2
E00055000080,인천도시철도1호선 검단연장선 건설공사 사후지하안전영향조사용역,2025,47,20250121,20250220,100.00,진행중,1
E00102000118,NC센터 사후 지하안전영향 평가용역,2023,1,20210701,20221231,100.00,진행중,1
E00106000038,아산 모종동 562-1 주상복합 신축공사 사후지하안전영향조사,2022,1,20221201,20221231,50.00,진행중,1
E00133000050,"고양 원흥지구 상업4-4,5블럭 오피스텔 신축공사",2021,1,20200211,20210630,100.00,진행중,1
E00055000083,세운재정비 촉진지구 6-2-24구역 복합시설 신축공사 사후지하안전영향조사용역,2022,1,20220501,20220715,100.00,진행중,1
E00062000028,전농동 620 오피스텔 신축공사 사후지하안전영향조사,2022,0,20220401,20220504,100.00,진행중,1
E00022000063,이태원동 101-1번지 신축공사,2023,8,20221001,20221110,14.00,진행중,1
E00020000023,"덕산~화명 비상연계 노후관 개량공사(6,7공구) 사후지하안전영향조사 용역",2022,7,20210823,20220430,100.00,진행중,1
E10086000016,군산시 지곡동 공동주택 신축공사 사후지하안전영향조사,2023,0,20221101,20221130,100.00,진행중,1
E10086000016,군산시 지곡동 공동주택 신축공사 사후지하안전영향조사,2024,15,20221101,20221130,100.00,진행중,2
E00001000043,등촌동 629-1번지 지식산업센터 신축공사 / 사후지하안전영향조사,2022,1,20220610,20220710,100.00,진행중,1
E00024000019,"과천지식정보타운 지식기반산업용지 7-1,2블럭 사후지하안전영향조사",2022,0,20220511,20220630,55.00,진행중,1
E00243000050,종로구 숭인동 1424번지외 5필지 복합시설 신축에 따른 사후지하안전영향조사 용역,2022,1,20200301,20210731,100.00,진행중,1
E00114000026,청라동 96-15번지 복합시설 신축공사에 따른 사후 지하안전영향조사 용역,2022,0,20210701,20220610,100.00,진행중,1
E10063000026,고덕국제화지구 복합시설 신축공사 사후지하안전영향조사,2022,9,20210401,20220304,100.00,진행중,1
E10091000007,"지축지구 업무 B1-4-1,2 사후지하안전영향조사 용역",2022,0,20210806,20221118,33.00,진행중,1
E00083000027,해운대구 중동 1256-9번지 일원 오피스텔 신축공사 사후지하안전영향조사,2022,2,20220301,20220531,55.00,진행중,1
E00066000085,"하남미사 자족 1-1, 2BL 지식산업센터 신축공사",2021,0,20191101,20210630,100.00,진행중,1
E10051000007,남양주시 금곡동 687-16번지 일원 금곡 행복주택 신축공사,2022,1,20211201,20220102,100.00,진행중,1
E00001000044,과천지식정보타운 지식 10BL - 사후지하안전영향조사,2022,1,20210801,20221130,100.00,진행중,1
E10008000018,경기도 부천시 신중동역 복합시설 신축공사 사후지하안전영향조사,2021,1,20210628,20210825,70.00,진행중,1
E00080000041,"여수 학동 75, 76-5 숙박시설 신축공사",2021,9,20210601,20210628,30.00,진행중,1
E00065000039,봉래구역 제1지구 도시환경정비사업 사후지하안전영향평가,2023,1,20221201,20221231,87.00,진행중,1
E00239000008,인천 청라 현대 썬앤빌 에코스타 사후 지하안전 영향조사,2021,1,20210628,20210827,100.00,진행중,1
E00131000041,"광교신도시 도시지원시설용지 13-4-2,3블럭 지식산업센터 사후지하안전영향조사 용역",2023,1,20230227,20230302,100.00,진행중,1
E00247000015,광명의료복합클러스터 조성사업 소하지구 신축공사,2022,1,20200601,20210730,100.00,진행중,1
E10097000009,송파 문정동 르피에드 신축공사 사후 지하안전영향평가,2021,1,20210701,20210930,80.00,진행중,1
E10097000009,송파 문정동 르피에드 신축공사 사후 지하안전영향평가,2023,1,20210531,20211013,100.00,진행중,2
E00022000065,"시흥멀티테크노밸리 위락상업 3-2, 3-4 복합시설 신축공사",2023,1,20210801,20230430,41.00,진행중,1
E00035000060,안산시 사사동 물류센터 신축공사 사후지하안전영향조사,2023,23,20210721,20230616,50.00,진행중,1
E00098000026,강서구 마곡동 9번지 지식산업센터 신축공사 사후지하안전영향조사 ,2023,1,20210801,20230331,100.00,진행중,1
E10091000011,대구 지산동 오피스텔 신축공사 사후지하안전영향조사,2022,1,20221201,20221208,38.00,진행중,1
E00249000003,범어 쏠라시티 신축공사 사후지하안전영향조사,2022,1,20210714,20211214,100.00,진행중,1
E00108000002,답동성당 일원 관광자원화사업 사후지하안전영향평가 용역,2022,1,20210302,20220515,44.00,진행중,1
E00154000044,"검단신도시 근생, 오피스텔 신축공사에 따른 사후지하안전영향조사 (2차)",2022,0,20220601,20220722,30.00,진행중,1
E00038000102,삼척시 정상동 351일대 공동주택 신축공사 사후지하안전영향조사,2023,0,20230301,20230331,100.00,진행중,1
E10013000007,고덕배수지 송수관로 매설공사 사후지하안전영향조사 용역,2021,1,20200406,20210930,100.00,진행중,1
E10013000007,고덕배수지 송수관로 매설공사 사후지하안전영향조사 용역,2022,1,20210406,20210930,100.00,진행중,2
E00009000022,서울 강남구 역삼동 824-17 협진해운 사옥 신축공사 사후지하안전영향조사,2021,1,20190116,20200409,100.00,진행중,1
E00005000025,DMC 마스터원 신축공사 사후지하안전영향조사 용역,2022,1,20221101,20221130,100.00,진행중,1
E00150000017,BNK부산은행 수영지점 신축공사 사후지하안전영향조사 용역,2022,1,20210901,20220627,100.00,진행중,1
E00102000124,KB국민은행 덕천동지점 신축공사,2021,1,20190731,20210930,100.00,진행중,1
E10013000008,고덕비즈밸리 자족2-3 00사옥 신축공사 사후지하안전영향조사 용역,2022,1,20210805,20221129,56.00,진행중,1
E10063000029,"방이동 47-7, 10번지 신축공사 사후지하안전영향조사",2021,1,20200514,20211005,100.00,진행중,1
E00223000010,강일에너지센터 신축공사 사후지하안전영향조사 용역,2023,26,20210901,20231115,79.00,진행중,1
E00025000028,수원발 KTX 직결사업 사후지하안전영향조사,,,,,,진행중,1
E00066000090,성수동 근생.업무복합시설 신축공사,2023,1,20210801,20221231,100.00,진행중,1
E00063000059,용산구 도시형생활주택 신축공사 사후지하안전영향조사 용역,2023,1,20210813,20230610,100.00,진행중,1
E00063000060,마포로1구역 제48지구 도시정비형 재개발사업 사후지하안전영향조사 용역,2024,1,20210901,20240627,100.00,진행중,1
E00239000009,광주시 도척 물류센타 신축공사,2023,0,20230324,20230519,91.00,진행중,1
E00097000013,내당3지구 지역주택조합 주거복합시설 신축공사 사후지하안전영향조사,2024,28,20231201,20240131,100.00,진행중,1
E00017000063,판교 제2테크노밸리 산업용지 E2-1 신축공사 “사후지하안전영향조사 용역”,2023,0,20230211,20230310,100.00,진행중,1
E00066000092,부천 소사역세권 특별계획구역 내 주상복합 신축공사,2024,1,20210901,20240430,100.00,진행중,1
E00121000044,화성동탄 대방 엘리움 일상10BL 주상복합 건설공사,2023,0,20220701,20230831,100.00,진행중,1
E00055000085,자양1 재정비촉진구역 도시정비형 재개발사업,2024,34,20240610,20240624,100.00,진행중,1
E10075000002,만촌네거리 주거복합 신축공사 사후지하안전영향조사,2023,1,20230501,20230530,100.00,진행중,1
E00038000107,펄어비스 사옥 신축공사,,,,,,진행중,1
E00190000048,강남구 논현동 164-1외 1필지 업무 및 근린생활시설 신축공사 사후지하안전영향조사 ,2021,1,20200518,20210903,35.00,진행중,1
E00005000026,인천광역시 서구 검단지구 C12-4-1 블럭 오피스텔 신축공사 사후지하안전영향조사용역,2022,1,20220901,20221008,100.00,진행중,1
E00055000088,군사시설 진입도로 개설사업(3공구),2021,1,20200302,20210731,100.00,진행중,1
E00114000027,"인천광역시 서구 청라동 97-1번지 (C4-2-1BL) 업무시설(오피스텔),  근린생활시설 사후지하안전영향조사",2021,1,20210326,20211018,100.00,진행중,1
E10008000019,경기도 안산시 단원구 고잔동 540-8번지 사후지하안전영향평가,2021,1,20210903,20211103,100.00,진행중,1
E00223000011,인천지역 전기공급시설 전력구공사(동송도-서송도)사후지하안전영향조사,,,,,,진행중,1
E00066000094,야탑동 403 물류센터 신축공사,2023,1,20230520,20230623,100.00,진행중,1
E00063000062,고양시 향동지구 상업5-1블럭 업무시설 사후지하안전영향조사용역,2022,1,20210913,20221216,48.00,진행중,1
E00063000063,고양시 향동지구 상업7-1블럭 업무시설 사후지하안전영향조사 용역,2023,1,20210913,20230112,49.00,진행중,1
E00223000012,경기북부지역 전기공급시설 전력구공사(동두천-양주)사후지하안전영향조사,2025,40,20250201,20250228,84.00,진행중,1
E00027000036,평택~부여~익산(서부내륙)고속도로  예산군 통과구간 변경설계 터널 사후지하안전영향조사,2023,1,20231201,20231227,62.00,진행중,1
E00184000020,연제구 연산동(1124-25번지) 복합시설 신축공사 사후지하안전영향조사 용역,2022,1,20221101,20221130,100.00,진행중,1
E00126000053,마곡 MICE 복합단지 특별계획구역 건설사업 CP1BL,2024,29,20210701,20240131,100.00,진행중,1
E00248000016,논현동 60번지 외 3필지 주상복합 신축공사,2022,1,20220801,20220817,51.00,진행중,1
E00097000015,칠성동 주거복합 신축공사 사후지하안전영향조사,2023,23,20230901,20230930,100.00,진행중,1
E00102000131,판교 제2테크노밸리 PSK CAMPUS 신축공사 중 사후 지하안전영향조사,2023,21,20210927,20230731,100.00,진행중,1
E00126000055,창동 창업 및 문화산업단지 복합시설 건설사업 ,2021,2,20211001,20210903,42.00,진행중,1
E00035000065, 강릉 교동7공원 민간공원조성 특례사업 공동주택 신축공사 ,2023,24,20210901,20231023,54.00,진행중,1
E00001000051,동대문구 전농동 620-15 오피스텔 신축공사 사후지하안전영향조사,2023,1,20221201,20221231,50.00,진행중,1
E00043000041,역삼동 826번지 복합시설 사후지하안전영향조사 용역,2020,1,20200201,20210831,100.00,진행중,1
E00035000066,이천 안흥동 00주상복합 신축공사(1BL) 사후지하안전영향조사 용역,2024,30,20240401,20240430,36.00,진행중,1
E00035000067,이천 안흥동 00주상복합 신축공사(2BL) 사후지하안전영향조사 용역,2024,30,20240401,20240430,36.00,진행중,1
E00035000068,역삼동 651-2 주거복합시설 신축공사 사후지하안전영향조사,,,,,,진행중,1
E00084000022,청주 가경동 1416-1 주상복합 및 청주고속터미널 신축공사 사후지하안전영향조사,,,,,,진행중,1
E00133000059,영등포구 여의도동 44-5번지 오피스텔 신축공사,2021,1,20200615,20210803,100.00,진행중,1
E10083000009,부산 강서지역 전기공급시설 전력구공사(세산분기)외 3개 공사 사후지하안전영향조사용역(울산 북구지역),2024,23,20240101,20240110,100.00,진행중,1
E00047000094,역삼동 831-11번지 외 오피스텔 신축공사,2024,26,20231101,20231228,100.00,진행중,1
E00055000091,양양군 강현면 주청리 2-15 외1번지 생활형숙박시설 신축공사,2023,21,20230701,20230731,100.00,진행중,1
E00047000095,"서초동 1321-7,8번지 오피스텔 신축공사",2023,1,20230127,20230216,100.00,진행중,1
E00133000061,인천광역시 중구 운서동 3094-2번지 오피스텔 신축공사,2021,1,20200601,20210930,100.00,진행중,1
E00117000008,동부간선도로(창동 상계)지하차도 사후지하안전영향조사 용역,,,,,,진행중,1
E00099000032,동탄2신도시 업무시설 1-1용지 업무복합시설 신축공사중 사후지하안전영향조사,2021,1,20190917,20220105,30.00,진행중,1
E00158000002,"원남동 오피스텔 A,B동 사후지하안전영향조사 용역",2021,1,20200302,20210831,100.00,진행중,1
E00102000133,고양 삼송지구 업무시설 신축공사,2021,1,20200613,20210930,100.00,진행중,1
E00106000043,서울시 용산구 서빙고동 4-153번지(1단계) 사후지하안전영향조사,2023,9,20210801,20221231,100.00,진행중,1
E00073000003,영등포 당산동2가 역세권 청년주택 사후지하안전영향조사,2021,1,20200501,20211012,39.00,진행중,1
E00095000025,경기신용보증재단 사옥 건립사업 사후지하안전조사용역,2024,30,20211108,20240430,100.00,진행중,1
E00066000104,대구광역시 수성구 만촌동 주거복합 신축공사,2021,1,20191101,20211031,100.00,진행중,1
E00023000068,인천 부평동 185-51근생 및 문화집회시설 착공후 지하안전조사 용역,2023,1,20230401,20230430,100.00,진행중,1
E00210000027,KCC울산 일반산업단지 폐기물처리시설 조성사업 사후지하안전영향조사,2022,6,20220401,20220404,100.00,진행중,1
E00099000033,수원덕산병원 신축공사 중 사후지하안전영향조사,2024,24,20221101,20231231,100.00,진행중,1
E00134000077,송파구 잠실새내 업무시설 신축공사 중 사후지하안전영향조사,2021,1,20200306,20210908,53.00,진행중,1
E00165000011,SDR 신축공사 사후지하안전영향조사,2024,26,20240101,20240131,100.00,진행중,1
E00027000037,구리시 수택동 409-25일원 복합시설 신축공사 사후지하안전영향조사 용역,2023,24,20230918,20231018,60.00,진행중,1
E00126000057,성수동2가 284-124 지식산업센터 사후지하안전영향조사,2023,1,20230301,20230324,100.00,진행중,1
E00154000051,동대문구 이문동 346-121번지 오피스텔 신축공사,2021,1,20210901,20211117,20.00,진행중,1
E00038000112,문정역 역세권 청년주택 신축공사 사후지하안전영향조사,2023,0,20230401,20230430,100.00,진행중,1
E00247000019,서울특별시  영등포동2가 오피스텔 신축공사,2023,1,20230101,20230131,41.00,진행중,1
E00134000081,"대전 도안지구 상업용지 1-1, 2 오피스텔 신축공사 중 사후지하안전영향조사",2023,1,20200411,20210812,100.00,진행중,1
E00102000134,당진시 수청동 1048외 1필지 근린생활시설 신축공사,2023,0,20211018,20230331,100.00,진행중,1
E00189000012,어코신 여주물류센터 신축공사,2023,1,20230101,20230131,51.00,진행중,1
E00112000007,판교 제2테크노밸리 E8-3블럭 업무시설 신축공사 지하안전영향평가 사후지하안전영향조사,2021,1,20200620,20211030,100.00,진행중,1
E00043000043,순천향대학교 부속 새병원 사후지하안전영향조사 용역,2023,1,20230201,20230704,100.00,진행중,1
E00117000009,지하철 승강편의시설 토목건축공사(C-6공구) 사후지하안전영향 조사 용역,2023,1,20230501,20230531,82.00,진행중,1
E00022000075,파트너스 플라자 신축공사,2021,1,20190515,20200930,100.00,진행중,1
E00106000044,이천시 안흥동 주상복합 신축공사 사후지하안전영향조사,2024,33,20240701,20240731,57.00,진행중,1
E00190000054,검단3구역 도시개발사업  지중화 송전선로 건설사업 사후지하안전영향조사 용역,2021,1,20210501,20211220,35.00,진행중,1
E00075000018,강동천호 행복주택 및 공공청사 건설공사 사후지하안전영향조사,2023,21,20230801,20230818,46.00,진행중,1
E00030000032,강서구 가양동 449-12 지식산업센터 신축공사,2022,0,20211101,20220930,100.00,진행중,1
E00004000026,다우기술 컨소시엄  판교 제2사옥 신축공사 사후 지하안전영향평가 용역,2022,1,20210225,20211222,35.00,진행중,1
E00121000046,포항 펜타시티 I 대방 엘리움 A1BL 아파트 건설공사,2023,22,20230901,20231001,100.00,진행중,1
E00190000055,검단3구역 도시개발사업 지중화 송전선로 건설공사 사후지하안전영향조사,,,,,,진행중,1
E00141000027,서울시 은평구 대조동 2-9번지 일원 청년주택 신축공사에 따른 사후 지하안전영향조사 용역,2021,1,20200305,20211229,100.00,진행중,1
E10085000014,잠실대교 남단IC 연결체계 개선공사 사후지하안전영향평가 ,,,,,,진행중,1
E00004000027,상봉동 주상복합 신축공사 사후지하안전영향조사,2022,2,20211105,20220630,48.00,진행중,1
E00030000033,가산동 345-40 지식산업센터 신축공사,2022,1,20190821,20211031,100.00,진행중,1
E00047000100,대구 남구 대명동 주상복합 신축공사,2024,25,20231101,20231226,100.00,진행중,1
E00150000021,해운대 우동 비즈니스호텔 개발사업 사후지하안전영향조사,2023,21,20220110,20230925,100.00,진행중,1
E00066000109,파주운정 복합시설 신축공사,2024,0,20211120,20240329,100.00,진행중,1
E00096000038,구례군 백련리 공동주택 신축공사 사후지하안전영향조사 용역,2023,18,20230601,20230630,56.00,진행중,1
E00154000054,수진동 근린생활시설 신축공사,2022,1,20210910,20211110,45.00,진행중,1
E00133000064,대구 동인동1가 주상복합신축공사,2024,1,20211101,20240216,100.00,진행중,1
E00133000065,"문정동 미래업무용지 3-9,10블럭 지식산업센터 신축공사 사후지하안전영향조사",2023,1,20210101,20230511,100.00,진행중,1
E00154000055,"서울시 강남구 역삼동 765-18, 28 신축공사",2022,3,20210201,20210504,45.00,진행중,1
E00154000056,역삼동 765-17번지 신축공사,2022,2,20210412,20210616,50.00,진행중,1
E00062000035,운서동 3093-6번지 메이폴오피스텔II 신축공사 사후지하안전영향조사,2022,0,20221101,20221209,100.00,진행중,1
E00006000019,양산 석산지역주택조합 아파트 사후지하안전영향조사,2023,1,20230301,20230317,65.00,진행중,1
E00038000115,장안동 366-7번지 오피스텔 신축공사,2023,22,20231001,20231031,100.00,진행중,1
E00044000046,신길동 주상복합 사후지하안전영향조사 용역,2023,1,20230315,20230414,39.00,진행중,1
E00190000059,강서구 화곡동 1064번지 오피스텔 신축공사 사후지하안전영향조사,2023,22,20231001,20231031,35.00,진행중,1
E10071000004,광주지역 전기공급시설 전력구공사(신광주-일곡 지중화) 사후지하안전영향조사 용역,2022,1,20200313,20220331,100.00,진행중,1
E00102000137,태평로3가 221-5 주거복합 신축공사 중 사후지하안전영향조사 용역,2023,19,20230701,20230731,98.00,진행중,1
E00102000138,태평로3가 211-1 주거복합 신축공사 중 사후지하안전영향조사 용역,2023,19,20230701,20230731,99.00,진행중,1
E10104000011,시흥시 은계지구 업무 2-4블럭 오피스텔 신축공사 사후지하안전영향조사 용역,2022,1,20200501,20210430,100.00,진행중,1
E10047000015,대쌍령리 (주)삼주물류창고 신축공사 대규모 사후지하안전영향조사,2023,1,20211101,20230331,100.00,진행중,1
E00133000068,영등포구 당산동3가 550번지 지식산업센터 신축공사,2022,1,20191015,20210303,100.00,진행중,1
E00055000100,부천지역 전기공급시설 전력구공사(도당S/S 배전인출),2022,0,20220601,20220710,100.00,진행중,1
E00009000027,역삼동 AMC사옥 신축공사 중 사후지하안전영향조사 용역,2022,2,20190916,20220114,80.00,진행중,1
E00198000033,한남동 W빌딩 신축공사 사후지하안전영향조사 용역 ,2023,0,20230201,20230228,100.00,진행중,1
E00247000023,하남감일지구 자족시설용지 4BL 지식산업센터 신축공사 중 사후지하안전영향평가,2022,1,20200622,20211203,100.00,진행중,1
E00109000027,여의도동 오피스텔 신축공사,2022,9,20220801,20220831,100.00,진행중,1
E00190000061,남양주 다산지금 일반상업 3-1BL 오피스텔 신축공사 사후지하안전영향평가,2022,1,20210401,20220118,34.00,진행중,1
E00063000069,e편한세상 금산 센터하임 신축공사 사후지하안전영향조사용역,2022,1,20200302,20211231,82.00,진행중,1
E00001000057,마곡 MICE 복합단지 특별계획구역 건설사업 CP2 사후 지하안전영향조사 용역,2023,23,20221222,20231130,100.00,진행중,1
E10078000005,유성선병원 신신관(I동) 증축공사 사후지하안전영향조사 용역,2022,24,20231101,20231130,100.00,진행중,1
E10078000005,유성선병원 신신관(I동) 증축공사 사후지하안전영향조사 용역,2024,26,20231101,20231227,100.00,진행중,2
E00011000003,김포우리병원 증축공사 사후지하안전영향 조사,2022,1,20200316,20211230,100.00,진행중,1
E00038000117,황학동 한양립스 이노와이즈 신축공사,2022,1,20180725,20180822,100.00,진행중,1
E10008000021,신길동 JS496타워 신축공사 사후지하안전영향평가,2022,1,20211201,20220131,80.00,진행중,1
E00017000074,위례 신도시 일상7 오피스텔 및 근린생활시설 신축공사,2022,1,20200601,20211130,100.00,진행중,1
E00190000066,"송파구 방이동 38-3외2 ""더 엘라소프 잠실"" 업무시설 신축공사",2023,1,20230401,20230501,100.00,진행중,1
E00009000028,판교 제2테크노밸리 G3-2BL 착공후지하안전영향조사용역,2024,32,20211210,20240930,100.00,진행중,1
E00133000071,수원광교 C6BL 주상복합 신축공사,2023,1,20220302,20231217,100.00,진행중,1
E00133000072,남양주시 수동면 운수리 물류센터 신축공사 기술용역,2023,1,20211206,20230315,100.00,진행중,1
E00020000026,온천2지구 우수저류시설 설치공사 사후지하안전영향조사 용역,2022,3,20211126,20220414,100.00,진행중,1
E00141000028,(주)동해종합기술공사 사옥 신축공사 중 착공 후 지하안전조사,2022,9,20220930,20221015,46.00,진행중,1
E00190000067,통영천연가스 발전사업 154KV 송전선로 공사 사후지하안전영향조사,2023,1,20230201,20230428,100.00,진행중,1
E10104000014,보타니크 논현 주상복합 신축공사 중 사후지하안전영향평가용역,2023,20,20230901,20230930,28.00,진행중,1
E00022000080,역삼동 652번지 PSP Tower2 신축공사 중 사후지하안전영향조사,2023,1,20230301,20230331,41.00,진행중,1
E00060000055,"대구시 수성구 만촌동 1039번지 일대 오피스텔 신축공사(지하안전영향평가 재작성, 사후지하안전영향조사)",2024,26,20240201,20240223,100.00,진행중,1
E00060000056,성내5구역 주상복합 신축공사,2024,26,20240201,20240229,100.00,진행중,1
E00060000057,영등포구 양평동 데이터센터 개발사업,2024,30,20240601,20240630,100.00,진행중,1
E00057000045,김포시 고촌읍 신곡리 오피스텔 신축공사,2023,1,20230310,20230222,100.00,진행중,1
E00047000105,부산광역시 부산진구 부전동 536-8 신축공사,2024,24,20231222,20240108,100.00,진행중,1
E00080000052,논현동 카일룸까사 업무시설 신축공사,2022,9,20210825,20221011,58.00,진행중,1
E00080000054,신도림 문화 및 집회시설 신축공사,2022,7,20211220,20220831,50.00,진행중,1
E10075000004,평택지역 전기공급시설 전력구공사(희곡분기) 설계용역,2025,39,20250201,20250214,100.00,진행중,1
E00005000032,춘천시 후평동 생활형숙박시설 신축공사,2024,25,20240111,20240210,99.00,진행중,1
E00198000037,진건지구 상업 3-8-2블럭 신축공사 중 사후 지하안전 영향평가 용역,2022,9,20221001,20221031,100.00,진행중,1
E10056000018,용산구 서빙고동 4-3 외 5필지 신축공사,2023,1,20230401,20230430,45.00,진행중,1
E10112000004,대구 내당동 주거복합 신축공사 사후지하안전영향평가 용역,2024,23,20231201,20231231,70.00,진행중,1
E00121000047,"식사지구 E9-1,2 오피스텔+공동주택 복합빌딩 신축공사",2023,0,20230501,20230630,100.00,진행중,1
E00022000082,천호 성내3구역 재개발사업,2023,1,20220101,20220210,29.00,진행중,1
E00098000037,대전 유성구 봉명동 446-1번지 외 3필지 생활숙박시설 신축공사,2022,0,20201012,20220131,100.00,진행중,1
E00075000021,영광단주 행복주택 건설공사 1공구 사후지하안전영향조사,2024,23,20240201,20240213,80.00,진행중,1
E10086000022,남원시 신정동2차 공동주택 신축공사 착공후지하안전조사서,2023,9,20221101,20221130,100.00,진행중,1
E10086000022,남원시 신정동2차 공동주택 신축공사 착공후지하안전조사서,2024,9,20221101,20221101,100.00,진행중,2
E00098000038,대전 서구 용문동 주상복합 신축사업 사후지하안전영향평가 용역,2023,19,20230915,20230915,65.00,진행중,1
E00017000076,서울시 용산구 문배동 8-5번지 외 6필지 오피스텔 신축공사,2022,1,20191101,20210731,100.00,진행중,1
E00063000076,성수동2가 314-11번지외 2필지 업무시설 및 판매시설 신축공사 착공후지하안전조사 용역,2023,1,20220105,20230525,100.00,진행중,1
E00030000036,광명동 344번지 근린생활시설 및 오피스텔 복합개발,2023,0,20230201,20230228,100.00,진행중,1
E00066000117,"안양시 만안구 안양동 627-1,2,3번지 주상복합 신축공사",2023,19,20220101,20230831,100.00,진행중,1
E00066000120,판교 제2테크노벨리 G1-1 부지 업무시설 신축공사,2023,1,20220101,20230811,100.00,진행중,1
E00102000140,고양 풍동2지구 도시개발사업지구 內 상업용지 C-1-1BL 신축공사 中 착공 後 지하안전조사 용역,2024,25,20220201,20240229,100.00,진행중,1
E00102000141,고양 풍동2지구 (C-1-2BL) 복합시설 신축공사,2024,25,20220101,20240229,100.00,진행중,1
E10112000005,광양지역 전력구공사(광양항-율촌) 사후지하안전영향조사용역,2024,30,20220201,20240731,100.00,진행중,1
E00102000142,고양 풍동2지구 도시개발사업지구 內 상업용지 C-2BL 신축공사 中 착공 後 지하안전조사 용역,2024,25,20220201,20240229,100.00,진행중,1
E00098000039,도마변동11 재정비촉진구역 주택재개발정비사업 착공후지하안전조사,2023,21,20231101,20231124,100.00,진행중,1
E00010000051,아산시 배방읍 장재리 1752번지 오피스텔 신축공사,2024,22,20220131,20231130,100.00,진행중,1
E00013000023,화정동 964-4 신축공사 착공후지하안전조사,2023,9,20230501,20230531,30.00,진행중,1
E00154000057,"서초동 1692-2, 3 00빌딩 신축공사 ""지하안전영향평가(공사 후) 용역""",2022,0,20220801,20220909,50.00,진행중,1
E00006000020,덕산~화명 비상연계 노후관개량공사 사후지하안전영향조사 용역,2022,4,20220201,20220228,100.00,진행중,1
E00002000036,동안양S/S인출 전력구공사 사후지하안전영향조사용역,2024,17,20240301,20240325,100.00,진행중,1
E00060000062,경기도 광주시 송정지구 B1BL 공동주택 신축공사,2023,20,20220201,20230831,100.00,진행중,1
E00066000125,인천청라 국제금융단지 핵심업무시설 A동 신축공사,2023,1,20200601,20210131,100.00,진행중,1
E00203000089,"화성시 병점복합타운 상업 13-2,3,4 신축공사 착공후지하안전조사",2023,17,20220710,20231117,100.00,진행중,1
E00164000033,남산N타워 오피스텔 신축공사 착공후지하안전조사 용역,2024,30,20230301,20240816,100.00,진행중,1
E00129000012,부산진구 부암동 공동주택 신축공사 착공후지하안전조사 용역,2024,34,20220301,20241202,100.00,진행중,1
E00129000012,부산진구 부암동 공동주택 신축공사 착공후지하안전조사 용역,2025,34,20220330,20241130,100.00,진행중,2
E00247000028,삼성동 1-2 오피스텔 신축공사,2023,1,20211101,20230430,37.00,진행중,1
E10083000010,부산강서지역 전기공급시설 전력구공사(세산분기) 착공후지하안전조사,,,,,,진행중,1
E10083000011,부산 강서지역 전기공급시설 전력구공사(세산분기)외 3개 공사 사후지하안전영향조사용역(양산김해),2024,28,20240601,20240719,100.00,진행중,1
E10083000012,부산 강서지역 전기공급시설 전력구공사(세산분기)외 3개 공사 사후지하안전영향조사용역(통영아주),2024,20,20240101,20240210,100.00,진행중,1
E10060000004,포항시 학잠동 공동주택 신축공사,,,,,,진행중,1
E00086000009,송파구(하남시)하천유지용수 공급개선사업 착공 후 지하안전영향조사 용역,2023,17,20220323,20230910,88.00,진행중,1
E00022000086,광주 쌍암동 주상복합 신축공사,2023,11,20220701,20220731,50.00,진행중,1
E10091000020,"판교 대장지구 일반상업용지 1-1, 2, 3구역 근린생활시설 신축공사 사후지하안전영향조사",2023,15,20220325,20230630,30.00,진행중,1
E10008000023,안산지역 전기공급시설 전력구 공사(북안산E/C 배전인출 2차) 착공후지하안전조사서,2024,33,20221109,20241128,100.00,진행중,1
E00095000030,고덕국제화배수지 배수관로 매설공사 사후지하안전영향 조사용역,2024,22,20210319,20231231,100.00,진행중,1
E00126000062,하남미사 선우실업 풍산동사옥,2023,1,20230301,20230319,100.00,진행중,1
E00022000088,의정부 발곡근린공원 민강공원 특례사업 비공원시설 신축공사,2022,6,20220321,20210930,24.00,진행중,1
E00214000003,장흥~광적 국지도 건설공사 사후지하안전영향조사 용역,,,,,,진행중,1
E10132000002,과천지식정보타운 지식기반산업용지 1-A-2블럭 신축공사,2023,21,20231101,20231130,100.00,진행중,1
E00066000130,용인 모현(왕산)지구 B-2BL 공동주택 신축공사,2023,1,20230916,20231031,100.00,진행중,1
E00066000131,용인 모현(왕산)지구 B-3BL 공동주택 신축공사,2023,1,20230916,20231031,100.00,진행중,1
E00066000132,과천지식정보타운 2-2블럭 가비아컨소시엄 사옥 신축공사,2023,1,20220201,20231130,100.00,진행중,1
E00134000091,김포풍무2지구 업무복합시설 신축공사 착공후지하안전조사용역,2023,20,20231011,20231108,33.00,진행중,1
E00038000124,영동대로 지하공간 복합개발사업 착공후지하안전조사,,,,,,진행중,1
E00066000134,대구광역시 달서구 본동 743번지 주상복합 신축공사,2024,1,20220201,20240531,100.00,진행중,1
E00066000135,서울특별시 용산구 한남동 주거복합 신축공사,2024,0,20220112,20240308,100.00,진행중,1
E00032000006,천안 불당동 1481 오피스텔 신축공사 착공후지하안전조사,2024,15,20240101,20240131,38.00,진행중,1
E00032000007,천안 불당동 1482 오피스텔 신축공사  착공후지하안전조사,2024,16,20240301,20240331,48.00,진행중,1
E00158000003,신촌2 에피소드 개발사업 사후지하안전영향조사 용역,2024,30,20240901,20240930,37.00,진행중,1
E00038000125,안산시 고잔동 오피스텔 개발사업 착공후지하안전조사,2022,1,20200201,20220331,100.00,진행중,1
E00017000079,인천검단신도시 AA15BL 공동주택 신축공사,2023,0,20220201,20231130,63.00,진행중,1
E00017000080,함양~산청 천연가스 공급설비 건설공사 중 임천 세미쉴드 사후지하안전영향조사용역,2022,1,20210310,20220602,100.00,진행중,1
E00042000047,김포 고촌 신곡리 헤센 스마트 오피스텔 신축공사 사후지하안전영향조사 용역,2022,1,20200601,20220228,100.00,진행중,1
E00027000040,평택고덕신도시 11-2-3BL 복합시설 신축공사 사후지하안전영향조사,2023,1,20230501,20230531,30.00,진행중,1
E00164000037,당산동 생각공장 개발사업 신축공사,2022,1,20200801,20220228,100.00,진행중,1
E00190000073,정촌 S/S 배전인출 전력구 외 2개 공사 착공후지하안전조사,2022,7,20221110,20221130,100.00,진행중,1
E10109000004,성수이로 62 업무복합시설 신축공사 착공후 지하안전조사용역,2024,24,20240201,20240229,57.00,진행중,1
E00027000041,하남시 신장동 복합빌딩 신축공사 착공후지하안전조사,2023,1,20230501,20230530,100.00,진행중,1
E00097000018,죽전역 서편 출입구 건설공사 사후지하안전영향조사 용역,2022,9,20181015,20220419,100.00,진행중,1
E00043000047,서초구 1362-27번지 오피스텔 신축공사,2024,23,20240222,20240603,100.00,진행중,1
E00133000078,용인 죽전동 퍼시픽써니 방송통신시설 데이터센터(지식산업센터)신축공사,2025,1,20220310,20241220,100.00,진행중,1
E00024000027,부산문현혁신도시 복합개발사업 3단계 착공후 지하안전조사 용역,2024,29,20220307,20240927,100.00,진행중,1
E10012000008,화성지역 전기공급시설 전력구 공사(중동탄 분기),2025,37,20250501,20250531,100.00,진행중,1
E00214000004,강남 도루코 신사옥 신축공사 착공후 지하안전영향평가,2024,21,20231201,20231231,50.00,진행중,1
E00134000093,서해안 우회도로 건설공사 착공후지하안전조사,,,,,,진행중,1
E00023000076,"화성 병점복합타운 일반산업 S3 상 6-1, 6-2BL 상가 및 생활형숙박시설",2023,1,20220413,20230531,100.00,진행중,1
E00184000025,부산진구 양정동 주상복합 신축공사,2024,17,20220411,20230930,100.00,진행중,1
E00102000150,서초구 방배동 오피스텔 신축공사 중 착공 후 지하안전조사 용역,2024,23,20220322,20240229,100.00,진행중,1
E00232000008,성동구 성수동2가 지식산업센터 신축공사,2023,1,20230401,20230414,100.00,진행중,1
E00109000033,아산 배방 장재리 1720 오피스텔 신축공사 착공후지하안전조사,2023,16,20230701,20230731,57.00,진행중,1
E00004000030,아산배방지구 11BL 개발사업 신축공사 착공후 지하안전조사 용역,2024,30,20240901,20240927,100.00,진행중,1
E00047000109,고양 덕은 도시개발구역 업무4BL 업무시설 신축공사,2022,1,20200603,20220331,100.00,진행중,1
E00114000030,불광동 302-13 청년주택 신축공사에 따른  착공후지하안전조사,2023,0,20230501,20230626,33.00,진행중,1
E00002000037,수원-화성지역 전기공급시설 전력구공사(호매실-남수원)착공후 지하안전조사용역,,,,,,진행중,1
E00133000079,논현동 106주상복합 신축공사,2022,1,20200618,20220415,100.00,진행중,1
E00047000111,태봉공원내 공동주택 신축공사,2024,27,20240801,20240906,100.00,진행중,1
E00031000053,대구광역시 달서구 감삼동 553번지 일원 주거복합 신축사업,2024,24,20240301,20240321,100.00,진행중,1
E00038000126,2020년 역삼문화공원 지하주차장 건설 사후 지하안전영향평가 용역,2022,1,20200413,20220526,100.00,진행중,1
E00176000021,대구 달서구 본리동 주상복합 신축공사 중 착공후 지하안전조사서,2024,32,20220425,20241130,100.00,진행중,1
E10075000009,대구광역시 만촌역 지하연결통로 및 출입구 설치공사 사후지하안전영향평가,,,,,,진행중,1
E00165000014,용인 반도체 클러스터 일반산업단지 산업단지외 준용사업(전기공급시설) 착공후지하안전조사,,,,,,진행중,1
E00062000041,인천 서구 검단지구 C5-1-3(시공),2023,0,20230511,20230610,100.00,진행중,1
E00163000027,고덕강일 공공주택지구 자족기능시설용지 5-8BL 신축공사,2023,16,20230727,20230814,100.00,진행중,1
E00080000061,동대문구 신설동 98-18  신축공사,2024,31,20241101,20241126,100.00,진행중,1
E00022000090,충남 아산시 모종동 주거복합 신축공사,2023,18,20220501,20231031,25.00,진행중,1
E00027000043,양산시 어곡동 물류센터 신축공사 사후지하안전영향조사,2024,21,20240111,20240208,66.00,진행중,1
E00096000045,인천 청라지구 C17-1-1BL 신축공사 착공후지하안전조사,2024,18,20231201,20231231,100.00,진행중,1
E00061000023,과천 지식정보타운 5-1BL 지식산업센터 신축공사 착공후지하안전조사,2023,14,20220615,20230730,100.00,진행중,1
E00117000016,역삼동 업무시설 공사중  사후지하안전영향평가 용역,2024,20,20231201,20231231,51.00,진행중,1
E00102000154,판교 제2테크노밸리 GMP 공장 신축공사 관련 착공후지하안전조사 용역,2024,24,20220502,20240430,100.00,진행중,1
E00030000039,답십리동 493-1 외 2필지 오피스텔 신축공사,2023,0,20220601,20230427,100.00,진행중,1
E00199000007,진주 장재공원 민간특례사업 비공원시설 착공후지하안전조사 용역,2022,18,20211101,20230919,48.00,진행중,1
E00199000007,진주 장재공원 민간특례사업 비공원시설 착공후지하안전조사 용역,2023,18,20211101,20230919,48.00,진행중,2
E00228000043,강남구 역삼동 824-22번지 업무시설 신축공사 착공후 지하안전조사,2024,22,20240401,20240430,78.00,진행중,1
E10116000003,평택 국제화계획지구 중상11BL 생활형숙박시설 신축공사,2023,15,20230701,20230831,100.00,진행중,1
E00097000020,대구 도시철도 1호선 하양연장건설 사후지하안전영향평가,2024,2,20220701,20240115,100.00,진행중,1
E10092000005,인천광역시 미추홀구 도화동 377-1외5 주상복합 신축공사 사후지하안전영향조사,2022,1,20210201,20220615,40.00,진행중,1
E10004000009,부산도시철도 8차 시설개량공사 사후지하안전영향조사 용역,2022,1,20200620,20220509,100.00,진행중,1
E10115000009,화성시 오산동 977-2번지 오피스텔 신축공사 착공후지하안전조사서,2023,1,20230510,20230531,100.00,진행중,1
E00106000049,광영 스너그시티 영종 오피스텔 신축공사 사후지하안전영향조사,2022,1,20200305,20220430,47.00,진행중,1
E00055000110,양양군 숙박시설 신축공사(동산리 84-3번지),2022,0,20200301,20211130,100.00,진행중,1
E00075000022,숭인지하차도 및 연결도로 개설공사 착공후지하안전조사,,,,,,진행중,1
E00022000095,고덕비즈밸리 알서포트 사옥 신축공사 중 착공후지하안전조사,2023,15,20220501,20230831,55.00,진행중,1
E00096000047,마포구 노고산동 107-46번지 일대 주상복합 신축공사,2024,18,20231201,20231231,100.00,진행중,1
E10099000012,경주 명계3일반산업단지 폐기물처리시설 조성사업 착공후지하안전조사 용역,2024,19,20240101,20240131,92.00,진행중,1
E00176000023,양원지구 주거복합 신축공사 중 사후지하안전영향조사 용역,2022,1,20200608,20220730,100.00,진행중,1
E10085000019,고양시 삼송지구(동산동 379) 00 지식산업센터 착공후 지하안전조사,2023,17,20231002,20231110,100.00,진행중,1
E00248000022,신길동 주상복합 개발사업 사후지하안전조사 용역,2023,15,20230728,20230817,68.00,진행중,1
E00096000048,도봉구 창동 662-7번지 주상복합 신축공사,2024,18,20231201,20231231,100.00,진행중,1
E00223000015,지하철 승강편의시설 토목건축공사(3-4공구) 사후지하안전영향조사 용역,2023,19,20220315,20231031,95.00,진행중,1
E00223000016,154kV 강서변전소 토건공사 착공후지하안전조사,2023,17,20220701,20231103,72.00,진행중,1
E00198000042,고덕강일 공공주택지구 4-2블럭 신축공사 중 사후 지하안전 영향평가 용역,2023,8,20230101,20230131,100.00,진행중,1
E00062000042,남동구 논현동 677-5 젠트라움 신축공사 착공후지하안전조사,2023,0,20230501,20230605,100.00,진행중,1
E00243000069,부산 해운대구 중동 생활숙박시설 신축공사 착공후지하안전조사,2024,27,20240801,20240805,100.00,진행중,1
E00055000111,중랑구 상봉동 109-28 역세권 청년주택 신축공사 중 사후지하안전영향조사 용역,2023,16,20231001,20231031,100.00,진행중,1
E10104000023,강원도 속초시 조양동 1379-5외2필지 착공후지하안전조사용역,2023,14,20230801,20230915,25.00,진행중,1
E00010000054,판교 제2테크노밸리 G3-1 BL 신축공사 착공후지하안전조사,2024,19,20231201,20231231,32.00,진행중,1
E10092000006,용인시 백봉리 물류창고 증축공사 착공후지하안전조사 용역 (용인시 처인구 백암면 백봉리 1382-11번지 일원),2023,13,20220531,20230703,47.00,진행중,1
E00056000022,경기도 평택시 장당동 3블럭 신축공사 착공후지하안전조사,2024,22,20220502,20240531,100.00,진행중,1
E00084000026,이천 부악근린공원 민간공원 조성사업 내 공동주택 신축공사,2024,21,20231201,20231231,100.00,진행중,1
E00021000028,남양주 다산진건 상업 1-2BL 오피스텔 개발사업,2023,15,20230701,20230731,65.00,진행중,1
E00164000039,이카운트사옥 신축공사 착공후지하안전조사 용역,2023,11,20230601,20230630,31.00,진행중,1
E00051000002,광주 서구 치평동 1230 오피스텔 신축공사 사후지하안전영향조사,2022,1,20200506,20220422,100.00,진행중,1
E00226000025,e편한세상 동대구역 센텀스퀘어 신축공사,2024,26,20240801,20240930,63.00,진행중,1
E10126000001,광주광역시 금남로3가 한신더휴 주상복합 신축공사,2024,10,20231005,20240105,100.00,진행중,1
E00022000097,에이치케이이노엔 R&D센터 신축공사,2024,21,20220701,20240331,48.00,진행중,1
E00143000047,용산구 원효로 3가 277-1번지 신축공사 중 착공후지하안전조사(사후지하안전평가)용역,2023,12,20220613,20230630,100.00,진행중,1
E10003000014,"동탄~인덕원 제1공구 및 월곶~판교 제8공구, 동탄~인덕원 제9공구 착공후지하안전조사 용역",,,,,,진행중,1
E00015000011,제주지역 전기공급시설 전력구공사 사후 지하안전 영향조사용역,,,,,,진행중,1
E00004000033,GTX-A 운정역 환승센터(지하차도) 착공후지하안전조사,2025,31,20220801,20241229,100.00,진행중,1
E00102000160,서울시 금천구 가산동 345-48번지 가산동 데이터센터 신축공사,2024,23,20240501,20240531,100.00,진행중,1
E00102000161,구로병원 외래관 신축사업 사후지하안전영향조사 용역,2022,0,20200617,20220615,100.00,진행중,1
E00024000032,"판교 제2테크노밸리 특별3구역 G2-1, 2BL 신축공사 착공후지하안전조사서",2024,26,20220516,20240914,100.00,진행중,1
E10003000015,"동탄~인덕원 제1공구 및 월곶~판교 제8공구, 동탄~인덕원 제9공구 착공후지하안전조사 용역",,,,,,진행중,1
E00134000107,강원도 춘천 학곡지구 A1-1BL 공동주택 신축공사 착공후지하안전조사,2024,28,20220801,20241125,55.00,진행중,1
E00044000052,2021년 강서지사 인입통신구 지장이전공사 사후지하안전영향평가용역,2024,26,20240801,20240816,100.00,진행중,1
E00024000033,성수동2가 278-34 지식산업센터 신축공사 착공후 지하안전조사,2024,19,20231226,20240110,100.00,진행중,1
E00001000062,"청담동 50-1, 50-2오피스텔 신축공사 착공후 지하안전조사",2023,16,20220701,20231130,100.00,진행중,1
E00134000108,영종도 해저송수관로 건설공사 착공후지하안전조사,,,,,,진행중,1
E00030000040,영등포구 양평동2가 지식산업센터 신축공사,2023,14,20230801,20230818,100.00,진행중,1
E00023000082,울산광역시 남구 신정6지구 주상복합 신축공사 착공후지하안전조사,2024,26,20240901,20240913,100.00,진행중,1
E00001000063,신반포21차아파트 주택재건축정비사업 착공 후 지하안전조사,2024,28,20220701,20241130,95.00,진행중,1
E00134000109,인천광역시 계양구 작전동 899-3 오피스텔 신축공사 중 착공후지하안전조사,2023,15,20220322,20230918,100.00,진행중,1
E10128000011,진천 은암리 물류센터 착공 후 지하안전조사 용역,2023,14,20220623,20230731,49.00,진행중,1
E00102000164,고양 식사2지구 오피스텔 신축공사 中 착공 후 지하안전조사 용역,2022,0,20200601,20220630,100.00,진행중,1
E00133000085,동대문구 전농동 오피스텔(B블럭) 신축공사,2022,1,20200527,20220630,100.00,진행중,1
E00218000041,창원대상공원 비공원시설 공동주택 신축공사 ,2024,20,20240501,20240515,51.00,진행중,1
E00134000112,하남 감일지구 상업1-1BL개발사업 착공후 지하안전조사용역,2023,17,20231210,20231221,100.00,진행중,1
E10086000035,"서초구 서초동 1595-3,4,6번지 업무시설 신축공사 착공후지하안전조사",2022,1,20220701,20220730,0.00,진행중,1
E10086000035,"서초구 서초동 1595-3,4,6번지 업무시설 신축공사 착공후지하안전조사",2024,0,20240701,20240731,100.00,진행중,2
E00133000087,경기도 시흥시 조남동 655 오피스텔 신축공사,2024,1,20220816,20240226,100.00,진행중,1
E00063000090,강릉교동공동주택신축공사  착공후지하안전조사용역,2024,25,20220620,20240828,100.00,진행중,1
E00063000091,청주 매봉근린공원 공동주택 신축공사 착공후지하안전조사용역,2024,25,20220620,20240928,100.00,진행중,1
E00248000024,오산 세마역 오피스텔 신축공사 착공후지하안전조사,2024,18,20240121,20240220,68.00,진행중,1
E00005000035,고령 월성산업단지 폐기물매립장 조성사업 착공후지하안전조사용역,,,,,,진행중,1
E00022000101,구의동 246-10 역세권 청년주택 신축공사,2024,25,20220802,20240831,37.00,진행중,1
E10112000008,대구광역시 수성구 범어동 주거복합 신축공사,2024,24,20220701,20240731,100.00,진행중,1
E10132000005,논현동 62-2번지 신축공사 착공후지하안전조사,2023,10,20230601,20230623,100.00,진행중,1
E00249000011,대구도시철도1호선 서부정류장역 출입구 개선공사 착공후지하안전조사,,,,,,진행중,1
E10003000016,진천지역 전력구공사( 문백S/S배전인출) 착공후지하안전조사 용역,2024,19,20240301,20240329,97.00,진행중,1
E10091000027,수원 인계동 오피스텔 신축사업 중 지하안전평가 협의내용 반영 및 착공후지하안전조사 용역,2024,19,20240201,20240229,100.00,진행중,1
E10003000017,경부고속도로 하부 횡단공사 착공후지하안전조사 용역,,,,,,진행중,1
E10128000014,가락동 112-4번지 OO빌딩 신축공사 ,2022,12,20230801,20230916,100.00,진행중,1
E10128000014,가락동 112-4번지 OO빌딩 신축공사 ,2023,12,20230801,20230816,100.00,진행중,2
E10109000006,마포구 서교동 354-1외 2필지 복합시설 신축공사,2024,17,20220801,20240331,100.00,진행중,1
E00055000115,마곡지구 CP4 개발사업,2024,20,20240301,20240331,100.00,진행중,1
E00102000169,인천시 부평구 부평동 738-43번지 외1필지 개발,2022,0,20200625,20220731,100.00,진행중,1
E10128000015,역삼동 705-22번지 OO빌딩 신축공사 ,2023,15,20231001,20231027,100.00,진행중,1
E00063000093,관악 신림동 역세권 청년주택 신축공사 착공후지하안전조사용역,2022,1,20200618,20220731,70.00,진행중,1
E00190000081,과천지식정보타운 상업1-1BL 신축공사 착공후지하안전조사,2024,17,20220701,20240229,100.00,진행중,1
E00099000040,강북구 삼양사거리 특별계획구역III 주거복합 신축공사 착공후지하안전조사,2024,26,20241101,20241129,100.00,진행중,1
E00139000046,대구 수성지역 전기공급시설 전력구공사 외 1건 사후지하안전영향조사 용역,2022,1,20200121,20220712,100.00,진행중,1
E10086000038,검단지구 주수송관 건설공사(김포지역)2공구 ,2023,12,20230901,20230927,100.00,진행중,1
E10086000038,검단지구 주수송관 건설공사(김포지역)2공구 ,2024,13,20230801,20230915,100.00,진행중,2
E00063000094,안성시 서운면 물류센터 신축공사 착공후지하안전조사,2023,1,20220808,20230717,100.00,진행중,1
E00039000035,케이스퀘어 데이터센터 개발사업 착공후지하안전조사 용역,2024,21,20240601,20240630,36.00,진행중,1
E00098000053,부강~월산 지중화 착공후지하안전조사 용역,2024,27,20241201,20241219,100.00,진행중,1
E00133000090,동대문구 전농동 오피스텔(A블럭) 신축공사,2022,1,20200518,20220831,100.00,진행중,1
E00022000104,서울시 중구 초동 107-12외 2필지 업무시설 개발사업  중 착공후 지하안전조사 용역,2024,17,20220701,20240131,41.00,진행중,1
E00022000105,양양군 강현면 생활형숙박시설(전진리 7-3번지일원)신축공사,2025,28,20220901,20241231,45.00,진행중,1
E10086000039,서울시 강남구 역삼동 721-30 신축공사,2023,10,20230801,20230831,100.00,진행중,1
E10086000039,서울시 강남구 역삼동 721-30 신축공사,2024,10,20230801,20230831,100.00,진행중,2
E10115000012,음성군 내산리 461 물류센터 신축공사,2024,17,20220813,20240124,100.00,진행중,1
E00062000046,오산-평택 등 5개T/L 지중화공사,2022,31,20250415,20250415,100.00,진행중,1
E00062000046,오산-평택 등 5개T/L 지중화공사,2023,31,20250415,20250415,100.00,진행중,2
E00062000046,오산-평택 등 5개T/L 지중화공사,2025,31,20250415,20250415,100.00,진행중,3
E00066000164,대전광역시 중구 선화동 주상복합 신축공사,2024,1,20240525,20240705,100.00,진행중,1
E00023000084,성내동 199-23번지 의료시설 신축공사,2024,18,20240301,20240331,100.00,진행중,1
E00203000104,성남시 상적동 190-65번지 신축공사,2023,15,20231101,20231123,100.00,진행중,1
E00017000087,금천구 독산동역세권 청년주택신축공사,2025,0,20250501,20250530,45.00,진행중,1
E00150000029,여수 학동 74번지 일원 주상복합 신축공사 착공후지하안전조사,2024,20,20240312,20240412,100.00,진행중,1
E00134000115,인천 송도2공원 비공원시설 조성,2024,18,20240301,20240426,100.00,진행중,1
E00056000024,대구 북구지역 전기공급시설 전력구공사 착공후지하안전조사,2023,1,20180719,20221130,100.00,진행중,1
E00017000088,대구 본동888-2번지 주상복합신축공사 착공후지하안전조사,2024,0,20221018,20240329,26.00,진행중,1
E00001000065,"청담동 48, 48-1 오피스텔 신축공사 착공후지하안전조사",2024,17,20240201,20240229,100.00,진행중,1
E00130000022,호남고속철도 2단계(고막원~목포) 건설사업 착공후지하안전조사용역,,,,,,진행중,1
E00001000066,마곡 MICE 복합단지 특별계획구역 건설사업 CP3-2 사후 지하안전영향조사 용역,2024,19,20240401,20240430,100.00,진행중,1
E00134000116,광주광역시 북구 동림동 289-1번지 신축공사 중 사후 지하안전영향조사,2022,1,20200601,20220930,100.00,진행중,1
E00043000054,아현동 275-2외 8필지 주상복합 건립공사 사후 지하안전영향조사,2022,1,20200615,20220831,100.00,진행중,1
E00109000039,하남 감일지구 상업 C1-3블럭 복합시설 신축공사 착공후지하안전조사,2024,17,20231201,20240131,100.00,진행중,1
E00001000068,중구 남산동2가 6-1번지 근린생활시설 신축공사 착공후지하안전조사,2022,1,20220901,20221101,100.00,진행중,1
E00047000134,"마포로 1구역 제28,29지구 도시정비형 재개발사업",2025,28,20250110,20250205,100.00,진행중,1
E10013000013,고양시 덕양구 주교동 613 오피스텔 신축공사 착공후지하안전조사 용역,2023,14,20231026,20231130,33.00,진행중,1
E10056000022,포항 남구지역 전기공급시설 전력구공사 (남포항분기),2022,0,20220901,20220930,100.00,진행중,1
E00190000083,대전 서구 탄방동 오피스텔 개발사업 착공후지하안전조사,2023,21,20240712,20240814,100.00,진행중,1
E00190000083,대전 서구 탄방동 오피스텔 개발사업 착공후지하안전조사,2024,21,20220820,20240830,100.00,진행중,2
E10123000001,사상역 광역환승센터 건설사업 착공후지하안전조사용역,2024,26,20220504,20241224,95.00,진행중,1
E10115000015,과천지식정보타운 4-5BL 지에프R&D 과천사옥 신축공사 착공후 지하안전조사용역,2024,21,20240601,20240630,100.00,진행중,1
E00131000079,고양시 향동동 468번지 신축공사 착공 후 지하안전조사용역,2023,12,20230823,20230925,100.00,진행중,1
E00022000109,부산광역시 부암동 오피스텔 신축공사,2024,26,20221001,20241130,50.00,진행중,1
E10006000035,상남동 생활형 숙박시설 착공후지하안전조사,2024,21,20221101,20240730,100.00,진행중,1
E00126000071,의왕시 포일동 506-1번지 복합시설 신축공사,2024,16,20221001,20240327,100.00,진행중,1
E00086000010,순화1-2지구 도시정비형 재개발사업 동화약품 사옥 신축공사 착공후 지하안전조사 용역,2024,17,20230301,20240830,92.00,진행중,1
E00086000011,노원구 상계동 690 공공지원 민간임대주택(역세권청년주택) 신축공사 착공후 지하안전조사 용역,2024,13,20230401,20240630,96.00,진행중,1
E00248000026,과천지식정보타운 지식기반산업용지 11-2BL 업무시설 신축공사 착공후 지하안전조사,2024,14,20231124,20231219,53.00,진행중,1
E00224000026,대구 중구 남산동 주상복합시설 신축공사 착공후 지하안전조사 용역,2024,17,20240301,20240331,54.00,진행중,1
E00055000120,성동구 용답동 청년주택 ,2024,19,20240501,20240531,100.00,진행중,1
E10126000002,광주지역 전력공급시설 전력구공사(수완-하남),2024,27,20241001,20241231,100.00,진행중,1
E10097000052,시흥시 월곶동 오피스텔 신축공사 착공후지하안전조사,,,,,,진행중,1
E10056000023,경산-수성 전기공급시설 전력구공사(자인-시지),2022,1,20200331,20220930,100.00,진행중,1
E10006000037,사천 예수리 사후지하안전영향조사,2024,25,20221101,20241031,100.00,진행중,1
E00134000121,천안시 서북구 입장면 용정리 물류창고 신축공사 착공후지하안전조사,2024,18,20221123,20240522,100.00,진행중,1
E00065000056,광동제약 과천 신사옥 신축공사 착공후 지하안전조사 용역,2022,2,20221201,20221231,13.00,진행중,1
E00065000056,광동제약 과천 신사옥 신축공사 착공후 지하안전조사 용역,2023,16,20240201,20240325,96.00,진행중,2
E00065000056,광동제약 과천 신사옥 신축공사 착공후 지하안전조사 용역,2024,16,20240201,20240325,96.00,진행중,3
E00150000031,해운대 우동 544-6외 2필지 생활형숙박시설 신축공사 착공후지하안전조사 용역,2025,28,20221001,20250207,100.00,진행중,1
E00055000121,안양시 만안구 안양동 생활숙박시설 신축공사,2024,21,20240601,20240630,100.00,진행중,1
E00060000074,과천시 별양동 1-21번지 복합시설 신축공사,2024,18,20240411,20240510,100.00,진행중,1
E00218000047,울산광역시 남구 신정동 1133-14번지 일원 주상복합 신축공사,,,,,,진행중,1
E00001000071,강남구 청담동 53-5번지 신축공사,2025,29,20220926,20250430,97.00,진행중,1
E00141000041,동대문구 용두 1-3지구 주상복합 신축공사,2024,19,20240501,20240531,100.00,진행중,1
E00176000024,대구광역시 동구 신천동 311-4 주거복합 신축공사 중 착공후 지하안전조사서,2025,26,20221209,20240709,100.00,진행중,1
E00163000033,대구시 중구 사일동(15-1일원) 주상복합 신축공사 착공후지하안전조사,2024,21,20240801,20240830,99.00,진행중,1
E00163000033,대구시 중구 사일동(15-1일원) 주상복합 신축공사 착공후지하안전조사,2025,25,20221025,20241231,100.00,진행중,2
E00163000034,서서울2-봉담 전력구공사 사후지하안전영향조사용역,2024,25,20241021,20241122,100.00,진행중,1
E10122000004,154kV 거제변전소 인출T/L 지장송전선로 지중화이설공사,,,,,,진행중,1
E00063000099,청담동1번지 복합시설 신축공사 착공후지하안전조사용역,2024,1,20220926,20240131,100.00,진행중,1
E00219000004,정부과천청사역 승강설비 설치공사 착공후지하안전조사,2024,16,20240201,20240315,100.00,진행중,1
E00022000111,당산동6가 주상복합시설 신축공사,,,,,,진행중,1
E00022000113,"공평구역 15,16지구 도시정비형 재개발 사업",2025,28,20221101,20250228,52.00,진행중,1
E00004000035,서울 강서지역 전기공급시설 전력구공사(강서S/S인출) 착공후지하안전조사,2024,17,20240301,20240329,100.00,진행중,1
E00143000053,안양시 동안구 관양동 1505-15 외 1필지 신축공사 착공후지하안전조사 용역,2024,16,20240201,20240308,100.00,진행중,1
E10137000002,서초동 1593-13 오피스텔  신축공사 착공후지하안전조사,2024,22,20240801,20240831,48.00,진행중,1
E10132000008,건대입구역 역세권 청년주택 신축공사 착공후지하안전조사,2022,19,20220427,20240531,100.00,진행중,1
E10132000008,건대입구역 역세권 청년주택 신축공사 착공후지하안전조사,2024,19,20220427,20240531,100.00,진행중,2
E00060000075,대구광역시 달서구 본리동 주거복합 신축공,2024,19,20240501,20240531,100.00,진행중,1
E00043000058,은평자이더스타 착공후지하안전조사 용역,2022,21,20240801,20240925,99.00,진행중,1
E00043000058,은평자이더스타 착공후지하안전조사 용역,2023,21,20240801,20240925,99.00,진행중,2
E00043000058,은평자이더스타 착공후지하안전조사 용역,2024,21,20240801,20240925,99.00,진행중,3
E00248000029,오산 세교지구 상2블럭 오피스텔 신축공사,2025,20,20240801,20250120,100.00,진행중,1
E00062000050,통영시 광도면 공동주택 신축공사,2024,13,20231201,20240110,100.00,진행중,1
E00139000047,대구 수성지역 전기공급시설 전력구공사 외 1건 사후지하안전영향조사 용역,2022,1,20210219,20221015,100.00,진행중,1
E00219000005,"평택 P4~P5 PROJECT 터널공사(배관구, 4.0/6.0) 착공후지하안전조사",,,,,,진행중,1
E10008000028,성수동1가 22-7 지식산업센터 신축공사,2024,18,20240501,20240531,96.00,진행중,1
E00120000003,중리취수장_월평정수장 제2도수관로 부설공사 착공후지하안전조사,2024,16,20240401,20240425,100.00,진행중,1
E00164000044,하나드림타운 그룹헤드쿼터 신축공사 착공후지하안전조사 용역,2025,27,20220421,20250328,100.00,진행중,1
E00098000058,"월곶~판교 복선전철 제1,6공구 사후지하안전영향조사용역",,,,,,진행중,1
E00143000054,동탄2 업무시설용지 4BL 오피스텔 신축공사 중 착공후지하안전조사 용역,2024,15,20240201,20240308,100.00,진행중,1
E00102000175,고양시 덕양구 주교동(612-6일원) 오피스텔 신축공사 중 착공후지하안전조사 용역,2024,20,20240701,20240731,100.00,진행중,1
E00096000054,양양 주청리 2-9번지 생활숙박시설 신축공사,2024,20,20240801,20240831,100.00,진행중,1
E00060000078,광양시 마흘지구 공동주택 신축공,,,,,,진행중,1
E00084000032,중앙지사 열수송망 성능 보강공사(2단계) 착공후지하안전조사용역,2023,5,20230501,20230524,100.00,진행중,1
E10153000002,청담동 119-3외 2필지 주상복합 신축공사 사후지하안전영향조사,2024,20,20221222,20240831,54.00,진행중,1
E10153000002,청담동 119-3외 2필지 주상복합 신축공사 사후지하안전영향조사,2025,20,20221222,20240831,100.00,진행중,2
E00022000116,삼성동 오피스텔 신축공사,2024,24,20221201,20241130,53.00,진행중,1
E00022000117,이태원동 101-1번지 신축주택,2024,24,20221201,20241130,85.00,진행중,1
E00080000077,서울특별시 광진구 구의동 252-95번지 일원 오피스텔 신축공사 중 사후지하안전영향조사 용역,2023,9,20230901,20230920,37.00,진행중,1
E10132000011,"장안동 364-1,2,8번지 오피스텔 신축공사 착공후지하안전조사서",2024,20,20240801,20240823,100.00,진행중,1
E00066000177,의왕백운밸리 업무복합시설용지 (업복1) 복합시설 신축공사,2024,1,20221101,20240430,100.00,진행중,1
E00066000178,의왕백운밸리 업무복합시설용지 (업복2) 복합시설 신축공사,2024,1,20240622,20240726,100.00,진행중,1
E00039000036,울산 강동리조트 개발사업(북구 산하동 산246-10일원) 착공후지하안전조사,2024,23,20241101,20241130,29.00,진행중,1
E00039000036,울산 강동리조트 개발사업(북구 산하동 산246-10일원) 착공후지하안전조사,2025,23,20241101,20241130,29.00,진행중,2
E10127000001,서울시 강서구 마곡 R&D센터 건립사업 중 착공후지하안전조사,2023,10,20231001,20231031,100.00,진행중,1
E00003000009,"과천지식정보타운 상업시설용지 복합시설 신축(1-2,3블럭) 착공후지하안전조사 용역",2024,18,20240501,20240518,100.00,진행중,1
E00247000048,영종 SK VIEW 오피스텔 신축공사,2024,17,20221201,20240430,100.00,진행중,1
E00003000010,"과천지식정보타운 상업시설용지 복합시설 신축(3-1,2블럭) 착공후지하안전조사 용역",2024,19,20240610,20240624,100.00,진행중,1
E00190000086,천안시 문화동 주상복합아파트 신축공사 착공후지하안전조사서,2024,24,20221106,20241118,100.00,진행중,1
E10071000005,서대문은평지사 복합사옥 신축공사,2025,26,20250224,20250323,100.00,진행중,1
E00030000045,향동동 479번지 업무시설 신축공사,2024,14,20240201,20240229,100.00,진행중,1
E10097000055,힐스테이트 원주 레스티지 신축공사 착공후지하안전조사,2024,18,20240310,20240412,100.00,진행중,1
E00018000026,광양(1)공업용수도 노후관 개량사업,,,,,,진행중,1
E00137000031,지산동 지역주택조합아파트 신축공사,,,,,,진행중,1
E00088000029,안양시 호계동 960-1번지 착공후지하안전조사,2024,20,20241001,20241024,100.00,진행중,1
E00130000026,"345kV 강릉안인화력 1,2호기 송전선로 건설사업 사후지하안전영향조사",2023,1,20190620,20200324,100.00,진행중,1
E00082000030,천왕 역세권  도시환경 정비사업 착공후지하안전평가,2024,19,20230201,20240710,100.00,진행중,1
E00210000034,대구 MBC부지 주상복합 신축공사 중 착공후지하안전조사 용역,,,,,,진행중,1
E00134000127,군산시 조촌동 경남아너스빌 공동주택 신축공사 착공후 지하안전조사,2025,27,20230208,20250325,100.00,진행중,1
E10092000019,위례선 도시철도 건설사업 착공후지하안전조사 용역(장기계속),,,,,,진행중,1
E00133000097,당산동 5가 9-9외 2필지 지식산업센터 신축공사,,,,,,진행중,1
E00102000178,진주 주약동 183-1 외 4필지 공동주택 신축공사 中 착공 後 지하안전조사,2024,14,20221205,20240229,100.00,진행중,1
E00066000182,대구 진천동 라온프라이빗 주상복합 신축공사,2023,1,20210101,20221231,100.00,진행중,1
E10115000018,쿠쿠강동빌딩 신축공사,2024,14,20240201,20240223,100.00,진행중,1
E00126000073,마곡 R&D센터(지식산업센터) D13구역 건립사업,2024,17,20230101,20240531,100.00,진행중,1
E10104000027,부산광역시 해운대구 우동 648-7외 2필지 생활형숙박시설 착공후지하안전조사 용역,2023,11,20230101,20231130,100.00,진행중,1
E00062000052,"식사지구 E9-7,8 복합시설 신축공사",,,,,,진행중,1
E00098000059,동대전 주상복합 개발사업 착공후지하안전조사 용역,2024,21,20240901,20240925,52.00,진행중,1
E10051000015,안성 일죽 물류센터 신축사업,2024,13,20240101,20240131,100.00,진행중,1
E00199000008,울산 무거동 주상복합 신축공사 착공후 지하안전조사용역,,,,,,진행중,1
E00106000057,중림동 363 오피스텔 신축공사,2023,1,20210503,20221031,100.00,진행중,1
E00055000123,수원 대로1-25호선 지하차도(1단계) 사후지하안전영향평가 용역,,,,,,진행중,1
E00188000015,수원 도시계획시설(제22호 하천 : 당수천) 착공후지하안전조사 용역,,,,,,진행중,1
E00218000051,부산진구 부전동 오피스텔 신축공사,2024,14,20230119,20240221,58.00,진행중,1
E00060000080,포항 환호공원 개발행위 특례사업 공동주택 신축공사(1BL),2024,16,20240501,20240531,100.00,진행중,1
E00200000050,울산 우정동 주택재개발정비사업 착공후지하안전조사용역,2023,1,20191101,20230315,100.00,진행중,1
E00047000142,향동 어반워크 지식산업센터 신축공사,2024,22,20241019,20241113,100.00,진행중,1
E00047000143,원주세브란스기독병원 새병원 외1 증축공사,,,,,,진행중,1
E00068000008,무안지역 전기공급시설 전력구공사(운남-읍동개폐소) 사후지하안전영향조사용역,2023,9,20231001,20231117,100.00,진행중,1
E00068000008,무안지역 전기공급시설 전력구공사(운남-읍동개폐소) 사후지하안전영향조사용역,2024,9,20231001,20231117,100.00,진행중,2
E10122000005,시흥시 신천동 713번지 외 5필지 오피스텔 신축공사 중 착공후 지하안전조사,2024,13,20240301,20240327,100.00,진행중,1
E00039000037,서초구 서초동 역세권 청년주택 신축공사 착공후지하안전조사 용역,2024,20,20241001,20241031,29.00,진행중,1
E00080000080,동대문구 휘경동 역세권 청년주택 신축공사,2024,15,20240401,20240416,100.00,진행중,1
E00096000056,안양동 주상복합 착공 후 지하안전평가,2024,21,20241101,20241130,100.00,진행중,1
E00185000005,서울 동남권지역 전기공급시설 전력구공사(동서울#2-강남1차) 사후지하안전영향조사,,,,,,진행중,1
E10148000001,국도77호선 원청사거리 교차로 개선공사 착공후지하안전조사용역,,,,,,진행중,1
E00080000081,신림 주상복합 신축공사 착공후 지하 안전 조사 용역,2024,17,20240601,20240621,100.00,진행중,1
E10104000029,천안 성정동 209-1 일원 주상복합 신축공사 착공후지하안전조사,2024,21,20241101,20241130,100.00,진행중,1
E00130000029,서울도시철도7호선 청라국제도시연장선 건설공사 사후지하안전영향조사용역,,,,,,진행중,1
E10008000030,양동지구 도시정비형 재개발구역 사회복지시설/임대주택 신축공사 사후지하안전영향조사 수행용역,2024,15,20240501,20240531,36.00,진행중,1
E00102000179,충북 제천시 장락동 세영리첼아파트 신축공사 중 착공후지하안전조사 용역,2025,24,20250201,20250228,100.00,진행중,1
E00133000098,시흥장현 업무시설용지 10블럭 업무시설 신축공사 착공후지하안전조사,2024,1,20230110,20240809,100.00,진행중,1
E10132000013,"대치동 OO빌딩(대치동 913-12,13) 신축공사",2024,16,20240417,20240516,100.00,진행중,1
E00139000052,"고양지축 C1-4-1,2 근생 및 업무시설 신축공사",2024,12,20230202,20240214,43.00,진행중,1
E00139000053,고양지축 C1-4-3 근생 및 업무시설 신축공사,2024,12,20230202,20240214,43.00,진행중,1
E00102000180,서초동 1603 주거복합 신축공사 중  착공후지하안전조사 용역,2025,24,20250101,20250131,100.00,진행중,1
E00163000036,동두천 민간임대아파트 신축공사 사후지하안전영향조사,2024,21,20241001,20241018,100.00,진행중,1
E00009000031,신안산선 복선전철 사후지하안전영향조사 용역,,,,,,진행중,1
E00186000040,방이동 50-1 H타워 신축공사 사후지하안전영향조사,2023,1,20200304,20230315,100.00,진행중,1
E00043000061,마곡R&D센터 (지식산업센타)신축공사 착공후 지하안전조사 용역,2024,21,20240301,20240331,100.00,진행중,1
E00166000009,서산지역 전기공급시설 전력구공사(서산~성연),,,,,,진행중,1
E10170000001,대구 북구-서구지역 전력구공사(팔달-서침산 2차)착공후 지하안전조사용역,2024,17,20230112,20240930,100.00,진행중,1
E00047000146,서초동 1584-7번지 외 4필지 오피스텔 신축공사,2025,23,20250124,20250212,100.00,진행중,1
E00047000147,울산 울주군 신화리 주상복합 신축사업 토목 관련 용역,,,,,,진행중,1
E00047000148,더강남832PFV 오피스텔 개발사업,,,,,,진행중,1
E00210000035,인천광역시 서구 청라동 6-2번지 오피스텔 신축공사 중 사후 지하안전조사 용역,2023,1,20200115,20230411,100.00,진행중,1
E00035000082,영등포구 대림동 986-4번지외 역세권청년주택 개발사업,,,,,,진행중,1
E00163000037,154kV 지중송전설비 건설공사 착공후지하안전조사 용역,,,,,,진행중,1
E00063000106,구로동 636-89 지식산업센터 신축공사 착공후지하안전조사용역,2025,1,20230208,20250131,100.00,진행중,1
E00133000104,금천구 가산동 371-36 개발사업,2024,1,20230201,20241018,100.00,진행중,1
E00066000188,검단신도시 101 역세권 개발사업 C1 블록,,,,,,진행중,1
E00010000072,송도동 94-3번지 송도 센트럴비즈 한라 신축공사,2024,13,20240301,20240331,42.00,진행중,1
E10097000060,대구 신천동 주상복합 신축공사 착공후지하안전조사,2024,0,20240801,20241010,100.00,진행중,1
E10128000026,강릉시 교동 637-1 공동주택 신축공사 착공후지하안전조사용역,2025,22,20240215,20241231,72.00,진행중,1
E10086000047,지하철 승강편의시설 설치 토목건축공사(C-4 공구) 사후지하안전영향 조사 용역,2024,12,20240301,20240331,100.00,진행중,1
E00055000128,양양 전진리 7-30 ,2024,20,20241101,20241130,100.00,진행중,1
E00188000016,신내-중계 전력구공사 사후지하안전영향조사 용역,2024,19,20230601,20250110,100.00,진행중,1
E00188000016,신내-중계 전력구공사 사후지하안전영향조사 용역,2025,19,20230601,20250110,100.00,진행중,2
E00047000152,KB 국민은행 가양역지점 신규합숙소 착공후지하안전조사 기술용역 계약,2024,20,20241001,20241113,100.00,진행중,1
E00086000013,PEACH PFV Data Center 신축공사 착공후 지하안전조사 용역,,,,,,진행중,1
E10086000048,송파구 방이동 34-1번지 신축공사 착공후지하안전조사,2024,10,20240101,20240131,100.00,진행중,1
E00164000049,서초동 1303-34번지 개발사업 착공후지하안전조사 용역,2024,16,20240701,20240814,100.00,진행중,1
E00023000100,울산광역시 동구 전하동 주상복합 신축공사,2023,1,20200701,20230327,100.00,진행중,1
E00084000034,청주시 오창읍 주거복합시설 신축공사,,,,,,진행중,1
E00022000121,숭인동 주상복합 신축공사(숭인동 200-16),,,,,,진행중,1
E10133000001,8호선 복정역 승강편의시설 설치공사(54공구) 착공후지하안전조사,2025,20,20241101,20241130,77.00,진행중,1
E00080000082,노원구 상계동 1049-71번지 신축공사,2024,14,20240601,20240630,100.00,진행중,1
E00080000083,강북구 수유동 역세권 청년주택 신축공사,2023,17,20240801,20240827,100.00,진행중,1
E00047000155,서울시 을지로3가 6지구 도시환경정비사업,2025,22,20250117,20250221,100.00,진행중,1
E00055000129,마곡 MICE 복합단지 특별계획구역 건설사업 CP3-1,2024,16,20240801,20240831,100.00,진행중,1
E00218000057,포항시 학산근린공원 공동주택 신축공사,,,,,,진행중,1
E00055000130,양주시 광사동 652-5 오피스텔 신축공사 착공후 지하안전조사용역,2024,15,20240301,20240331,100.00,진행중,1
E00055000131,서울시 중랑구 묵동 165 역세권 청년주택 신축공사 착공후지하안전조사,2025,24,20250401,20250430,100.00,진행중,1
E00131000087,서계동 역세권청년주택 신축공사 착공 후 지하안전평가 및 물리탐사,2024,15,20230331,20240408,38.00,진행중,1
E00134000132,마륵근린공원 개발행위 특례사업 중 사후지하안전영향조사,2024,14,20230801,20240925,100.00,진행중,1
E10000000009,청주 매봉근린공원 중로2-571호선 개설공사 착공후지하안전조사,2024,19,20241201,20241231,100.00,진행중,1
E10000000009,청주 매봉근린공원 중로2-571호선 개설공사 착공후지하안전조사,2025,19,20241201,20241231,93.00,진행중,2
E00055000134,서초구 서초동 1593-1 오피스텔 신축공사 착공후지하안전조사 용역,2025,20,20241201,20250131,100.00,진행중,1
E10086000049,영등포구 영등포동 4가 79 신축공사 착공후지하안전조사,2024,10,20240101,20240201,100.00,진행중,1
E00189000022,이천시 모가면 신갈리 물류센터 신축공사 착공후지하안전조사,2024,11,20230315,20240229,100.00,진행중,1
E00098000064,우방범어타운2차 주택재건축정비사업 착공후지하안전조사 용역,2025,21,20250201,20250225,76.00,진행중,1
E00114000035,서울시 성동구 성수동2가 273-55 착공후지하안전조사,2024,12,20240501,20240531,100.00,진행중,1
E00036000046,상도동 역세권 공공임대주택 건립 신축공사 착공후 지하안전조사 용역,2024,16,20230501,20240831,90.00,진행중,1
E00080000086,성북구 하월곡동 역세권 청년주택 신축공사,2024,16,20240801,20240828,100.00,진행중,1
E00080000087,"용산구 한남동 736-2, 3 신축공사",2024,12,20240401,20240430,100.00,진행중,1
E00096000061,평택시 평택동 45-1 주거복합 신축공사,2025,23,20250401,20250430,100.00,진행중,1
E00060000083,원효로3가 1-159번지 일원 역세권 청년주택 신축공사,2025,22,20250201,20250228,100.00,진행중,1
E00055000135,상화로 입체화 사업 사후지하안전영향조사,,,,,,진행중,1
E00247000056,당산동5가 9-13 당산2차 지식산업센터 신축공사,,,,,,진행중,1
E10012000016,도시철도1호선 서부정류장역 출입구 개선공사 사후지하안전영향조사 용역,,,,,,진행중,1
E10174000001,광주광역시 동구 금남로5가 생활형숙박시설 신축공사,,,,,,진행중,1
E10051000016,"시흥, 안산지역 전기공급시설 전력구공사(광석분기) 사후지하안전영향조사",,,,,,진행중,1
E00056000025,평택시 장당지구 2BL 복합시설 신축공사 사후지하안전영향조사,2024,10,20240901,20240930,70.00,진행중,1
E00066000194,대구 중구 도원동 주상복합 신축공사,2023,1,20200401,20230531,100.00,진행중,1
E10013000018,당하~오일간 도로확포장공사(봉정터널) 착공 후 지하안전조사 용역,2024,15,20240910,20241011,100.00,진행중,1
E00098000065,"대전 둔산동 1380-2, 5 오피스텔 개발사업 사후지하안전영향조사 용역",,,,,,진행중,1
E00055000137,유엔사부지 복합개발 사업 착공후지하안전조사 용역,,,,,,진행중,1
E00047000164,서울특별시 서초구 잠원동 28-6번지 외 3필지 신축공사,,,,,,진행중,1
E00017000103,사천 예수화전지구 공공지원민간임대주택 공급촉진지구 조성사업 착공후지하안전조사,,,,,,진행중,1
E10091000032, 왕길사거리 지하차도 설치공사 구간 내 간섭 열수송관 이설공사(2차) 착공후지하안전조사서,2025,21,20250201,20250301,100.00,진행중,1
E00098000066,"동탄~인덕원 제1공구 및 월곶~판교 제8공구, 동탄~인덕원 제9공구 사후지하안전영향조사용역",,,,,,진행중,1
E00098000067,"동탄~인덕원 제1공구 및 월곶~판교 제8공구, 동탄~인덕원 제9공구 사후지하안전영향조사용역",,,,,,진행중,1
E00080000088,미아역세권 활성화사업 신축공사 194-2번지(A),,,,,,진행중,1
E00196000013,위례154kV 성남T/L 지장송전선로 이설공사 사후지하안전영향조사용역,2025,22,20250401,20250430,98.00,진행중,1
E00243000099,서울도시철도 9호선 4단계 연장사업 1공구 건설공사,,,,,,진행중,1
E00133000108,이태원111 복합문화시설 착공후지하안전조사,2024,1,20230220,20241023,100.00,진행중,1
E10116000008,마포구 신수동 지역주택조합아파트(역세권 SHIFT)건설사업,,,,,,진행중,1
E00198000045,"강남구 도곡동 177-2,174-15 신축공사 중 착공후지하안전조사 용역",,,,,,진행중,1
E00243000100,서울도시철도 9호선 4단계 연장사업 2공구 건설공사,,,,,,진행중,1
E00243000101,서울도시철도 9호선 4단계 연장사업 3공구 건설공사,,,,,,진행중,1
E10097000063,내손다지구 터널공사 착공후지하안전조사,,,,,,진행중,1
E00043000069,전주시 금암동 523-104 주상복합 신축공사 착공후 지하안전조사,,,,,,진행중,1
E00150000037,가야동 공동주택(197-3번지일원) 신축공사 착공후지하안전조사 용역,2025,20,20250201,20250310,100.00,진행중,1
E00010000077,충남 천안시 서북구 불당동 1478번지 업무복합시설 신축공사,,,,,,진행중,1
E00150000038,해운대 우동 638-1번지 복합시설 신축공사 착공후지하안전조사,2025,16,20230720,20250210,100.00,진행중,1
E00001000080,청주고속터미널 복합개발 신축공사 착공 후 지하안전조사,2024,28,20240201,20240229,100.00,진행중,1
E10120000014,천호 DS356 주거복합 신축공사 착공후지하안전조사 용역,,,,,,진행중,1
E00068000010,광주지역 전기공급시설 전력구공사(계림-일곡) 2차 사후지하안전영향조사용역,,,,,,진행중,1
E00022000123,삼성동 168-16번지 업무시설 신축공사,2025,18,20230601,20241231,35.00,진행중,1
E00062000056,과천지식정보타운 1-A-3 블록 신축공사,2024,16,20241101,20241209,100.00,진행중,1
E00223000022,서울지역본부 사옥 신축 착공후지하안전조사,2024,13,20240801,20240830,41.00,진행중,1
E00080000089,미아역세권 활성화사업 신축공사 195번지(B) 착공후지하안전조사,,,,,,진행중,1
E00080000090,중랑구 묵동 8 역세권 청년주택 신축공사,2024,17,20241101,20241129,100.00,진행중,1
E00039000041,용산구 갈월동(98-6일원) 역세권 청년주택 신축공사 착공후지하안전조사 용역,2023,4,20231101,20231130,34.00,진행중,1
E10006000048,DB 손해보험 부산사옥 신축공사 사후지하안전영향평가,2025,23,20250401,20250430,40.00,진행중,1
E00030000051,마포병원 신축공사중 착공후 지하안전조사용역,2025,14,20241201,20241231,100.00,진행중,1
E00098000068,대전 중구 유천동 주상복합 신축공사 착공후지하안전조사,,,,,,진행중,1
E00106000061,"세종지사 5,6생활권 열수송관공사(금강) 착공후지하안전조",2025,20,20250222,20250404,100.00,진행중,1
E00247000058,송파구 가락동 99번지 오피스텔 신축공사,2025,20,20220810,20250228,100.00,진행중,1
E00086000014,고양 삼송 데이터센터 신축공사 착공후 지하안전조사 용역  ,,,,,,진행중,1
E00065000062,동작구 상도동 23-42번지 일원 상도역세권 공공임대 주택사업,,,,,,진행중,1
E00121000071,개봉동 144-5번지 지식산업센터 신축공사,2024,15,20230401,20240608,100.00,진행중,1
E00150000041,서면4차 봄여름가을겨울 착공 후 지하안전조사 용역,,,,,,진행중,1
E10085000029,케이씨 환경 열수송관 신축공사,2025,20,20250301,20250318,100.00,진행중,1
E00248000032,성수동2가 278-52 업무시설 개발사업 착공후지하안전조사,,,,,,진행중,1
E00130000035,"용인 반도체 클러스터 일반산업단지 용수공급시설 (공업,생활용수) 착공후지하안전조사 용역",,,,,,진행중,1
E00022000125,경기도 부천시 상동 531-6번지 오피스텔 신축공사,2024,12,20240701,20240731,32.00,진행중,1
E00022000126,성수동 지식산업센터 신축공사,2024,13,20230801,20240831,40.00,진행중,1
E10132000016,상봉역 역세권 청년주택 신축공사 착공후지하안전조사,2024,11,20240601,20240624,100.00,진행중,1
E00038000133,동북선 도시철도 착공후지하안전조사,,,,,,진행중,1
E00167000012,사천 빗물펌프장 유입관로 신설공사 착공후 지하안전조사 용역,,,,,,진행중,1
E10073000004,광양바이오매스발전소 착공 후 지하안전조사 용역,,,,,,진행중,1
E10138000007,하남시 미사지구(중상15 C1-1)오피스텔 신축공사,2024,12,20240701,20240810,50.00,진행중,1
E00027000060,수색·DMC역 특별계획구역10 주거복합 신축공사,,,,,,진행중,1
E00063000116,삼성동 158-1 복합시설 신축공사 착공후지하안전조사용역,,,,,,진행중,1
E00080000092,원주시 반곡동 1507-1번지 일원 공동주택 신축공사,2025,20,20250401,20250428,100.00,진행중,1
E00102000197,성빈센트 드 뽈 자비의 수녀회 업무시설 신축공사,2025,20,20250401,20250430,100.00,진행중,1
E00042000065,과천지식정보타운 11-3BL 신축공사 착공후지하안전조사,2025,0,20250201,20250228,43.00,진행중,1
E00022000128,성수동 280-11 지식산업센터 신축공사,2024,12,20230901,20240831,31.00,진행중,1
E00017000108,노량진동 19-6외 6필지 역세권 청년주택 신축공사 착공후지하안전조사,,,,,,진행중,1
E00139000054,신청주분기 전력구공사 착공후 지하안전영향평가 월간보고서 작성용역,2025,44,20210105,20250122,100.00,진행중,1
E00062000058,영등포구 여의도동 14-23 오피스텔 신축공사 착공후지하안전조사,,,,,,진행중,1
E00223000024,서울 노원지역 전기공급시설 전력구공사(금오-상계-노원) 착공후지하안전조사용역,,,,,,진행중,1
E00062000059,종전부동산 고색2지구 도시계획시설사업 지구외 우수관로 공사 착공후지하안전조사서,2024,8,20240401,20240430,100.00,진행중,1
E10131000010,7호선 고속터미널역 승강편의시설 설치공사(57공구)착공후지하안전조사 용역,,,,,,진행중,1
E10128000034,"신사동 514-18,19,20번지 신축공사 지하안전평가 용역 / 신사동 514-23번지 신축공사",2025,18,20250201,20250228,100.00,진행중,1
E10122000007,대륭포스트타워9차 착공후 지하안전조사 용역,2025,14,20250201,20250228,37.00,진행중,1
E00190000099,"부산 강서지역 전기공급시설 전력구공사(에코-순아, 신강서- 에코)",,,,,,진행중,1
E00047000171,의정부 금오동 터미널부지내 공동주택 신축공사,,,,,,진행중,1
E00134000151,신안 압해-해남 화원 도로건설공사(1공구) 착공 후 지하안전조사,2025,3,20250210,20250410,100.00,진행중,1
E00190000100,부산 강서지역 전기공급시설 전력구공사 착공후지하안전조사(신강서분기),,,,,,진행중,1
E00131000091,인천 서구 원당동 810-10번지 외 공동주택 신축공사,2024,15,20230920,20241130,34.00,진행중,1
E00056000029,"양주지역 전기공급시설 전력구 공사(회천분기, 회천S/S배전인출) 사후지하안전영향조사용역",,,,,,진행중,1
E00044000057,을지로3가 제12지구 도시환경정비사업 착공후 지하안전조사,,,,,,진행중,1
E00102000201,울산지중배관 2단계 설치공사(3공구) 착공 후 지하안전조사,2024,7,20240401,20240430,100.00,진행중,1
E00102000202,"강남구 신사동561-37,38복합시설 신축공사 중 착공후지하안전조사 용역",2025,15,20241201,20250131,100.00,진행중,1
E10114000007,정자동 23-2번지 업무시설 신축공사,,,,,,진행중,1
E00188000018,신풍역 연결통로 설계 및 지하안전평가 용역,2024,9,20231027,20240712,100.00,진행중,1
E00200000057,동탄~고덕 연계 열수송관공사(경부고속도로 구간) 착공후지하안전조사 용역,2024,7,20240410,20240520,100.00,진행중,1
E00066000205,마곡 D18-B 지식산업센터 신축공사,,,,,,진행중,1
E10092000022,홍익동 청년주택 오피스텔 신축공사 착공후지하안전조사,2025,16,20250201,20250228,42.00,진행중,1
E00017000109,성수동 1가 27-4 에프콧 성수 복합시설 신축공사 착공후지하안전조사 용역,2025,0,20250416,20250512,100.00,진행중,1
E10076000011,회야계통 송수관로 복선화사업(상개삼거리~명촌교 북단) 착공 후 지하안전조사 용역,2023,1,20230904,20231110,100.00,진행중,1
E10076000011,회야계통 송수관로 복선화사업(상개삼거리~명촌교 북단) 착공 후 지하안전조사 용역,2024,1,20230904,20231110,100.00,진행중,2
E00169000007,서울 성동구 성수동2가 269-62번지 지식산업센터 신축공사 착공후지하안전조사,,,,,,진행중,1
E00047000173,강동구 길동 415-9번지 복합개발사업,2025,19,20250417,20250512,100.00,진행중,1
E10120000019,남양주진접2 공공주택지구 우수암거 비개착공사 착공후지하안전조사용역,2025,17,20231201,20250430,100.00,진행중,1
E00024000041,도선동 청년안심주택 신축공사,,,,,,진행중,1
E00134000154,광주광역시 중앙근린공원(2지구) 개발행위 특례사업(비공원시설) 공동주택 신축공사 착공후지하안전조사,2025,14,20231101,20241231,100.00,진행중,1
E10085000032,월곡 복합체육센터 신축공사,,,,,,진행중,1
E00165000022,P5 Ph1 정수장 착공후지하안전조사 용역,,,,,,진행중,1
E00165000023,P5 Ph1 방류공동구 착공후지하안전조사용역,,,,,,진행중,1
E00084000039,청주 북이산업단지 조성사업 착공후지하안전영향조사 용역,,,,,,진행중,1
E00022000133,서울시 강남구 역삼동 831-48일원 업무시설 신축공사,,,,,,진행중,1
E00066000210,검단신도시 101 역세권 개발사업 C9-1 블록,,,,,,진행중,1
E00066000211,검단신도시 101 역세권 개발사업 C9-2 블록,,,,,,진행중,1
E00066000212,인천청라 국제금융단지 B5-1-2블록 업무시설 신축공사,2024,1,20240525,20240705,100.00,진행중,1
E10132000020,여의도동 15-11번지 오피스텔 신축공사,2024,10,20240830,20240926,100.00,진행중,1
E00060000089,이천시 안흥동 3BL 주상복합 신축공사,2025,16,20250201,20250225,100.00,진행중,1
E00030000054,박달 하이테크 지산센터 신축공사 중 착공후 지하안전조사 용역,2025,16,20250201,20250228,100.00,진행중,1
E00243000107,"서울특별시 중구 오장동 90-5, 90-18번지 착공후지하안전조사",2024,11,20240901,20240930,52.00,진행중,1
E00062000061,삼정지구 배수개선사업 ,2023,2,20231201,20231227,100.00,진행중,1
E00218000067,에코델타시티(EDC) 평강천 횡단 추진공사,2024,8,20231201,20231229,100.00,진행중,1
E10144000001,구미 천연가스발전소 가스공급설비 착공후 지하안전조사서,,,,,,진행중,1
E00062000063,이태원 복합시설 개발사업(126-2번지 외2필지),,,,,,진행중,1
E00017000110,금천구 시흥동 103-3번지 역세권 청년주택 신축공사 착공후지하안전조사 용역,,,,,,진행중,1
E10056000029,서울특별시 용산구 서빙고동 4-11번지 외 12필지 공동주택 신축공사,,,,,,진행중,1
E10013000022,성수동2가 279번지 업무시설 신축공사 착공후 지하안전조사 용역,,,,,,진행중,1
E00126000082,영등포구 여의도동 25-11 복합시설 신축공사,2025,16,20250426,20250521,95.00,진행중,1
E10159000005,노량진 청년주택 신축공사 착공후지하안전조,2025,14,20231201,20250131,100.00,진행중,1
E00218000070,울산 남구 신정동 주상복합 신축공사,2025,25,20250201,20250225,46.00,진행중,1
E10112000010,침산산격지구 풍수해생활권 정비사업 착공후 지하안전조사용역,,,,,,진행중,1
E00190000101,중랑구 상봉동 116-49번지 일원 2030 청년주택 신축공사,2025,16,20231025,20250430,100.00,진행중,1
E00127000024,여의도 오피스텔(임대주택)개발사업 착공후지하안전조사,,,,,,진행중,1
E00134000158,황금동 851-13 주거복합 신축공사 착공후지하안전조사,,,,,,진행중,1
E00243000108,여주시 산북면 상품리 413-9 물류센터 신축공사,2025,15,20250301,20250320,100.00,진행중,1
E00036000049,청라국제도시 C18블록 복합시설 신축공사 착공후 지하안전조사,,,,,,진행중,1
E00078000009,착공후지하안전영향조사 용역(KT광화문 WEST빌딩 지하연결통로 설치공사),2025,9,20241201,20241231,100.00,진행중,1
E00060000091,춘천시 약사동 주상복합 신축공사,,,,,,진행중,1
E00247000062,성수동2가 278-3번지 외 2필지 업무시설 신축공사,,,,,,진행중,1
E00042000069,방배동 역세권 청년주택 신축공사 착공후지하안전조사,2025,0,20250401,20250430,40.00,진행중,1
E00022000138,부산광역시 동구 범일동 주거복합 신축공사,,,,,,진행중,1
E00133000112,구로동 188-5 업무시설 신축공사,,,,,,진행중,1
E10182000002,제주시 연동 261-37번지 외 5필지 주상복합 신축공사 착공후지하안전조사,,,,,,진행중,1
E00143000058,삼성동 58-1번지 신축공사,,,,,,진행중,1
E00141000047,5호선까치산역승강편의시설설치공사(64공구-토목),,,,,,진행중,1
E00141000048,서초동 1310-15번지 업무시설 및 근린생활시설 개발사업 착공후 지하안전조사 용역,2025,13,20250301,20250325,100.00,진행중,1
E00133000114,광교C6블럭 주상복합 개발계획 지하연결통로,2024,1,20240108,20240830,100.00,진행중,1
E00130000042,평택~오송 2복선화 건설공사 착공후지하안전조사용역,,,,,,진행중,1
E00044000063,KB국민은행 개포동 업무시설 신축공사 착공후지하안전조사,,,,,,진행중,1
E10176000001,아산-탕정지역 전기공급시설 전력구공사(신탕정-탕정#3),,,,,,진행중,1
E00063000124,청담동 62-37 근린생활시설 신축공사 착공후지하안전조사용역,,,,,,진행중,1
E00084000040,음성지역 전기공급시설 전력구공사(금왕-성본) 사후 지하안전영향조사 용역,,,,,,진행중,1
E00055000149,춘천~속초 철도건설 제1공구(T/K) 착공후지하안전조사용역(제1차),,,,,,진행중,1
E00068000011,광양-여수T/P 지중화 전력구공사 사후지하안전영향조사용역,,,,,,진행중,1
E00134000164,포항시 상생근린공원 민간공원조성 특례사업 공동주택 신축공사(1블럭) 착공후지하안전조사,,,,,,진행중,1
E00134000165,포항시 상생근린공원 민간공원조성 특례사업 공동주택 신축공사(2블럭) 착공후지하안전조사,,,,,,진행중,1
E00096000064,한국건강관리협회 인천지부 신청사 건립 설계용역,,,,,,진행중,1
E00134000166,아산 탕정지구 A-3BL 공동주택 신축공사 착공후지하안전조사,2025,13,20240226,20250228,100.00,진행중,1
E00134000167,송도 국제업무지구 B2BL 주상복합 신축공사 중 사후 지하안전영향조사,2024,1,20200201,20240229,100.00,진행중,1
E10056000030,서울 용산구 갈월동 98-11 한국일보 용산사옥 신축공사 착공후지하안전조사,,,,,,진행중,1
E10174000004,중앙공원(1지구-1BL) 비공원시설 공동주택 신축공사,,,,,,진행중,1
E10097000071,평택호 횡단도로 건설공사(1-1공구) 착공후 지하안전조사 용역,2024,0,20240501,20240524,100.00,진행중,1
E00247000064,청담동 79-14 근린생활시설 신축공사,2025,1,20240101,20250131,100.00,진행중,1
E00102000210,제주시 연동 274-12외4필지 주거복합 신축공사 착공후지하안전조사,,,,,,진행중,1
E00038000134,대구 동문동 임대주택 1단지 착공후지하안전조사,,,,,,진행중,1
E00023000109,남서울교회 교육관 신축공사,,,,,,진행중,1
E00063000126,연신내구역 도시정비형 재개발사업 착공후지하안전조사용역,,,,,,진행중,1
E00060000095,성내5 재정비촉진지구 복합개발계획 공영주차장 연결통로(비개착),2025,11,20250101,20250210,100.00,진행중,1
E10128000041,서울시 강남구 삼성동 90-25번지 일원 공동주택 신축공사,,,,,,진행중,1
E10051000022,평택기지~오산 제1공구 천연가스 공급시설 건설공사 착공후 지하안전조사 용역(남양호구간),,,,,,진행중,1
E10051000023,평택기지~오산 제1공구 천연가스 공급시설 건설공사 착공후 지하안전조사 용역(발안천구간),,,,,,진행중,1
E00163000044,대전 하수처리장 시설현대화 민간투자사업 착공후지하안전조사 용역,,,,,,진행중,1
E00176000031,익산시 중앙동 주상복합 착공후지하안전조사 용역,,,,,,진행중,1
E00080000098,"서초구 서초동 1676-4,5번지 신축공사",,,,,,진행중,1
E10143000006,울산시 야음동 830-1번지 일원 복합건물 신축공사 착공후지하안전조사서,,,,,,진행중,1
E10143000007,울산시 야음동 829-20번지 일원 복합건물 신축공사 착공후지하안전조사서,,,,,,진행중,1
E10104000042,지방도 358호선(김포~관산간) 파주구간 개설사업 착공후지하안전조사,,,,,,진행중,1
E00164000059,ITS 세계총회 대회의장 신축공사 전 부지정지 계획 착공 후 지하안전조사 용역,2024,7,20240207,20241030,100.00,진행중,1
E00106000065,"세종지사 5,6생활권 열수송관공사 착공후(사후)지하안전조사(미호강)",,,,,,진행중,1
E00062000069,경남 김해시 삼계동 공동주택 신축공사 착공후지하안전조사,,,,,,진행중,1
E10112000011,제5기지 송출배관 3공구(평택LT~오산) 건설공사 중 황구지천 세미쉴드 구간 착공후 지하안전조사,,,,,,진행중,1
E10013000024,"강릉~제진 철도건설 제1,2,4,9공구(TK) 착공후지하안전조사용역",,,,,,진행중,1
E00133000120,서울시 구로구 구로동 646-6번지 외 3필지 지식산업센터 신축공사,,,,,,진행중,1
E00126000089,잠실종합운동장 주경기장 리모델링사업,,,,,,진행중,1
E00036000050,중구 순화동 공동주택 신축공사 사후 지하안전영향평가 용역,,,,,,진행중,1
E00062000070,송파구 잠실동 184-11 업무시설 신축공사 착공후지하안전조사,,,,,,진행중,1
E10115000025,수원시 우만동 436번지 일원 주상복합 신축공사,,,,,,진행중,1
E10191000001,시흥시 월곶동 오피스텔 신축공사 착공후지하안전조사,,,,,,진행중,1
E00127000027,여의도 오피스텔(임대주택)개발사업 착공후지하안전조사,,,,,,진행중,1
E10110000008,동탄~고덕 연계 열수송관공사 사후지하안전영향조사용역,,,,,,진행중,1
E00047000185,인천검단 AA22BL 공동주택 신축공사,,,,,,진행중,1
E00130000044,평택~오송 2복선화 건설공사 착공후지하안전조사용역(3공구),,,,,,진행중,1
E00139000058,김해-강서 전기공급시설 전력구공사(대저-어방 1차) 착공후 지하안전조사용역,,,,,,진행중,1
E00080000099,"성동구 도선동 114, 115번지 신축공사",2024,7,20241101,20241126,100.00,진행중,1
E00080000100,"성동구 도선동 116, 117번지 신축공사",2024,7,20241101,20241125,100.00,진행중,1
E00130000045,평택~오송 2복선화 건설공사 착공후지하안전조사용역(4공구),,,,,,진행중,1
E00130000046,평택~오송 2복선화 건설공사 착공후지하안전조사용역(5공구),,,,,,진행중,1
E00116000080,이천시 안흥동 279-1 주상복합 신축공사,,,,,,진행중,1
E00057000072,동작구 상도동 장승배기 공공임대 아파트 신축공사,,,,,,진행중,1
E00243000113,원동 다박골 주택재개발정비사업 착공후지하안전조사,,,,,,진행중,1
E10174000005,중앙근린공원(1지구) 비공원시설 2-1BL 신축공사,,,,,,진행중,1
E00024000046,여수 신기주공 지역주택조합아파트 신축공사,,,,,,진행중,1
E00044000065,의왕백운밸리 복합시설 신축관련 통학 안전지하보도 설치공사,,,,,,진행중,1
E00047000189,김해시 불암동 공동주택 신축공사,,,,,,진행중,1
E00063000133,고양장항 공공주택지구 M-1블럭 주상복합신축공사 착공후지하안전조사 용역,,,,,,진행중,1
E00099000053,제주시 연동 274-25일대 주상복합 신축공사 착공후 지하안전조사 용역,,,,,,진행중,1
E00063000134,차움2 착공후지하안전조사 등 용역계약서,,,,,,진행중,1
E00010000085,강남중앙침례교회 신축공사 착공후 지하안전조사 용역,,,,,,진행중,1
E00027000073,마곡동 799번지 업무근린복합시설 신축공사 착공후 지하안전조사,,,,,,진행중,1
E00060000101,광주광역시 송암민간공원 조성사업 중 비공원시설 공동주택부지,,,,,,진행중,1
E00066000221,판교 641 프로젝트,,,,,,진행중,1
E00163000045,계양신도시 열수송관공사(1단계-1공구) 착공후지하안전조사 용역,2024,6,20241026,20241125,100.00,진행중,1
E00218000073,재송2구역 재건축정비사업 신축공사,,,,,,진행중,1
E10147000006,평택기지~안산 천연가스 공급시설 건설공사 착공 후 지하안전조사 용역,,,,,,진행중,1
E00055000153,강원지역 전기공급시설 전력구공사(동강지중화),,,,,,진행중,1
E00190000111,"울산지역전기공급시설 전력구공사 (울산 삼호동, 태화동 지중화)",,,,,,진행중,1
E00190000112,천안시 성정동 공공공민간임대주택 신축공사,,,,,,진행중,1
E10056000033,장흥-보성 천연가스 공급시설 건설공사 [평화천+철도횡단 구간],2025,11,20240306,20250331,100.00,진행중,1
E00134000177,광주 봉산공원 민간공원 조성사업 중 사후지하안전영향조사,,,,,,진행중,1
E10191000003,내손다지구 터널공사,,,,,,진행중,1
E00117000023,평택동부고속화도로 민간투자사업 건설공사 착공후 지하안전조사,2024,4,20241001,20241031,99.00,진행중,1
E00022000145,성수동 K-PROJECT 복합시설 신축공사,,,,,,진행중,1
E10069000002,국도 39호선 읍내리지내 교차로 설치공사 착공후지하안전조사,,,,,,진행중,1
E00102000214,성수동2가(255-3외 3필지) 착공후 지하안전조사,,,,,,진행중,1
E00133000122,청담동 54번지외 3필지 근린생활시설 신축공사,,,,,,진행중,1
E00055000155,인천지역 전기공급시설 전력구공사(아암분기) 착공 후 지하안전조사용역,,,,,,진행중,1
E10132000022,서초동 1554-2 외 6필지 00빌딩 신축공사,,,,,,진행중,1
E00062000071,가평지역 전기공급시설 전력구공사(신가평 인출3차),,,,,,진행중,1
E00117000024,동부간선도로(창동-상계간)지하차도 건설 구간내 지장 송전선로 이설공사 착공후 지하안전조사 ,,,,,,진행중,1
E10097000074,고덕산단 2차 용수공급시설공사 착공후지하안전조사 용역,,,,,,진행중,1
E10083000035,동래 사적공원 공동주택 신축공사 착공후지하안전조사,,,,,,진행중,1
E00047000194,효제동 업무시설 신축공사,,,,,,진행중,1
E00035000091,천안 제5일반산업단지 폐기물처리시설 조성사업 착공후지하안전조사 용역,,,,,,진행중,1
E00178000015,서울시 강남구 논현동 91-7번지 신축공사 착공후지하안전조사,,,,,,진행중,1
E00013000038,서울시 강남구 역삼동 735-34번지 업무시설 신축공사,,,,,,진행중,1
E00022000147,과천지식정보타운 지식기반산업용지 9BL(과천 지타운) 신축공사,,,,,,진행중,1
E00223000031,풍성로 강관압입공사 착공후지하안전조사,2024,1,20240725,20240922,100.00,진행중,1
E10131000020,김포지역 전기공급시설 전력구공사(통진~월곶1차) 착공 후 지하안전조사용역,,,,,,진행중,1
E00190000116,강서구 화곡동 1064번지 오피스텔 개발사업 지하연결통로,2025,3,20240601,20240930,100.00,진행중,1
E00150000050,휴먼파크장전 지역주택조합 신축공사 착공후지하안전조사,,,,,,진행중,1
E00150000051,울산 남구 신정동 638-1번지 주상복합 착공후지하안전조사,,,,,,진행중,1
E00009000041,광주 도시철도 2호선 2단계 건설공사 착공후 지하안전조사 용역,,,,,,진행중,1
E00200000061,여주-원주 복선전철 착공후지하안전조사용역,,,,,,진행중,1
E00200000062,당진기지~부곡 천연가스 공급시설 건설공사 착공후 지하안전조사 용역,,,,,,진행중,1
E00200000063,인천신항(1단계)공급인입시설 지하안전영향평가 착공후지하안전조사 용역,,,,,,진행중,1
E10147000007,평택기지~안산 천연가스 공급시설 건설공사(자안천 세미쉴드구간),,,,,,진행중,1
E00095000046,신시흥-신송도 전력구공사 착공 후 지하안전조사용역,,,,,,진행중,1
E00095000047,신시흥~신송도 전력구공사 착공후지하안전조사용역,,,,,,진행중,1
E00188000022,청라 봉오대로 횡단부 착공후지하안전조사 용역,2025,6,20250201,20250214,80.00,진행중,1
E00188000023,수도권광역급행철도 B노선(용산~상봉) 제4공구 건설공사 착공후지하안전조사용역,,,,,,진행중,1
E00188000024,수도권광역급행철도 B노선(용산~상봉) 제4공구 건설공사 착공후지하안전조사용역,,,,,,진행중,1
E10055000013,상하동 운동시설(상하동 228-5번지) 신축공사 착공후지하안전조사,,,,,,진행중,1
E00130000051,인덕원~동탄 제2~8 및 10~12공구 사후지하안전영향조사용역(2공구),,,,,,진행중,1
E00130000052,인덕원~동탄 제2~8 및 10~12공구 사후지하안전영향조사용역(3공구),,,,,,진행중,1
E00130000053,인덕원~동탄 제2~8 및 10~12공구 사후지하안전영향조사용역(4공구),,,,,,진행중,1
E00130000054,인덕원~동탄 제2~8 및 10~12공구 사후지하안전영향조사용역(5공구),,,,,,진행중,1
E00130000055,인덕원~동탄 제2~8 및 10~12공구 사후지하안전영향조사용역(7공구),,,,,,진행중,1
E00130000056,인덕원~동탄 제2~8 및 10~12공구 사후지하안전영향조사용역(8공구),,,,,,진행중,1
E00130000057,인덕원~동탄 제2~8 및 10~12공구 사후지하안전영향조사용역(10공구),,,,,,진행중,1
E00130000058,인덕원~동탄 제2~8 및 10~12공구 사후지하안전영향조사용역(11공구),,,,,,진행중,1
E00130000059,인덕원~동탄 제2~8 및 10~12공구 사후지하안전영향조사용역(12공구),,,,,,진행중,1
E00130000060,"월곶~판교 복선전철 제2~5,7,9,10공구 착공후지하안전조사 용역(2~4공구)",,,,,,진행중,1
E00130000061,"	월곶~판교 복선전철 제2~5,7,9,10공구 착공후지하안전조사 용역(5,7공구)",,,,,,진행중,1
E00130000062,"	월곶~판교 복선전철 제2~5,7,9,10공구 착공후지하안전조사 용역(9,10공구)",,,,,,진행중,1
E00098000084,조선대학교병원  호남권  감염병전문병원  구축공사 착공후지하안전조사,,,,,,진행중,1
E10013000027,종전부동산 망포지구 도시개발사업 지구 외 우수암거공사 착공후 지하안전조사 용역,2025,7,20250226,20250409,100.00,진행중,1
E00023000115,역삼동 828-2 청년 임대주택 신축공사,,,,,,진행중,1
E00163000048,대산임해산업지역 공업용수도(해수담수화)사업 착공후지하안전조사 용역,,,,,,진행중,1
E00102000217,한화생명 대구사옥 신축공사 중 착공후지하안전조사,,,,,,진행중,1
E10092000027,"인천 효성구역 도시개발사업 (공3블럭, 공4블럭) 착공후지하안전조사",,,,,,진행중,1
E00122000038,성남시 생활폐기물처리시설 민간 투자사업 착공 후 지하안전조사 용역,,,,,,진행중,1
E00243000115,서울시 강동구 둔촌동 489번지 역세권활성화 사업 신축공사,,,,,,진행중,1
E10131000021,국회대로 지하차도 및 상부공원화(2단계) 건설공사 2공구 착공후지하안전조사 용역,,,,,,진행중,1
E00130000063,인덕원~동탄 제2~8 및 10~12공구 사후지하안전영향조사용역(6공구),,,,,,진행중,1
E00134000180,청담동 고급주택 신축공사 착공후지하안전조사,,,,,,진행중,1
E00068000012,수도권(IV) 광역상수도(시화안산계통) 복선화사업 시설공사 착공후지하안전조사용역,,,,,,진행중,1
E00134000181,여주시 양귀리 물류센터 신축공사 착공후지하안전조사,,,,,,진행중,1
E00134000183,용인시 풍덕천동 복합시설 착공 후 지하안전조사,,,,,,진행중,1
E10005000024,대연맨션 소규모재건축정비사업 착공후지하안전조사 용역,,,,,,진행중,1
E10086000058,"인천송도지역 전기공급시설 전력구공사(신송도-북송도, 신송도-동송도) 착공후지하안전조사",,,,,,진행중,1
E00063000142,CORNER 360 업무시설 신축공사 착공후지하안전조사 용역,,,,,,진행중,1
E00063000143,이천시 부발읍 아미리 649-1 근린생활시설 신축공사,,,,,,진행중,1
E00157000023,마포로3-1지구 주상복합아파트 신축공사,,,,,,진행중,1
E00190000118,화성시 오산동 의료복합 건립사업,,,,,,진행중,1
E10132000023,논현동 소천빌딩(논현동 242-30) 신축공사,,,,,,진행중,1
E10112000012,제5기지 송출배관 3공구(평택LT~오산) 건설공사 중 1호선 철도횡단 세미쉴드 구간 착공후 지하안전조사,,,,,,진행중,1
E00234000003,칠산분기 등 2개 전력구공사 착공후 지하안전평가 용역_신강서-세산,,,,,,진행중,1
E00234000004,칠산분기 등 2개 전력구공사 착공후 지하안전평가 용역_칠산분기,,,,,,진행중,1
E00056000034,광명-시흥지역 전기공급시설 전력구공사(신목감분기 1단계)착공후지하안전조사용역,,,,,,진행중,1
E00164000063,성원애드피아 하남 신사옥 신축공사 착공후 지하안전조사 용역,,,,,,진행중,1
E00056000036,군포지역 전기공급시설 전련구공사(서서울-신광명) 착공후지하안전조사,,,,,,진행중,1
E10188000002,강남구 논현동 62-8 업무시설 건립공사,,,,,,진행중,1
E00239000027,서울시 강동구 성내동 382-6번지 청년안심주택 신축공사,,,,,,진행중,1
E00193000013,평택지역 전기공급시설 전력구공사(북현덕분기 2차)사후지하안전영향조사용역,,,,,,진행중,1
E00063000146,성수동2가 273-12번지 외 1필지 업무시설 신축공사 착공후지하안전조사용역,,,,,,진행중,1
E00063000147,천안시 서북구 성정동 주상복합 신축공사 착공후지하안전조사용역,,,,,,진행중,1
E00063000148,서울시 강남구 역삼동 735-34번지 업무시설 신축공사 착공후지하안전조사용역,,,,,,진행중,1
E00130000067,신분당선 광교~호매실 건설사업 착공 후 지하안전조사용역,,,,,,진행중,1
E00062000078,봉천동 근린생활시설 및 업무시설 신축공사,,,,,,진행중,1
E10087000004,ARA연구로 건설사업 착공후지하안전조사 용역,,,,,,진행중,1
E00025000034,동부간선도로 지하화 민간투자사업 착공후지하안전조사 용역,,,,,,진행중,1
E00032000016,울산광역시 중구 학산동 주상복합 신축공사,,,,,,진행중,1
E10191000007,송파구 삼전동 7-8 에스텍시스템 잠실 신사옥 신축공사,,,,,,진행중,1
E00047000206,이문4재정비촉진구역 주택재개발 정비사업(지하차도),,,,,,진행중,1
E00188000025,남양주왕숙 국도47호선 이설(지하화) 공사 착공후지하안전조사용역,,,,,,진행중,1
E00063000152,양평동2가 5외 1필지 업무시설 신축공사 착공후지하안전조사용역,,,,,,진행중,1
E00066000227,경기도 평택시 통복동 108-3번지 일원 주상복합 신축공사,,,,,,진행중,1
E00022000150,수서역세권 공공주택지구 B1-4블럭 개발사업,,,,,,진행중,1
E00027000080,청라 힐링웨이 프로젝트 신축공사 착공후 지하안전조사,,,,,,진행중,1
E00239000030,서울시 서초구 양재동 1-26번지 역세권 청년안심주택 신축공사,,,,,,진행중,1
E00239000031,서울시 동작구 상도동 188-19번지 외 11필지 청년안심주택 신축공사 ,,,,,,진행중,1
E00184000034,부산 센텀 구)한진CY부지 복합시설 개발사업 착공후지하안전조사,,,,,,진행중,1
E00126000094,서울역북부역세권 개발사업 착공후지하안전조사,,,,,,진행중,1
E10148000006,충남지역 전기공급시설 전력구공사(당진화력-신송산 1차) 착공 후 지하안전영향조사 용역,,,,,,진행중,1
E00055000161,동부간선도로 지하화(영동대로)건설공사 착공후지하안전조사 용역,,,,,,진행중,1
E10150000006,신가평-동서울 3차  착공후  지하안전조사용역,,,,,,진행중,1
E00032000017,고려아연(주) 온산제련소 폐기물처리시설 조성사업,,,,,,진행중,1
E00127000030,농협은행 경기영업본부 연결통로 신축공사 착공후 지하안전조사,,,,,,진행중,1
E00063000155,안양 글로벌 샘병원 건립공사 착공후지하안전조사용역,,,,,,진행중,1
E00063000156,코스콤 안양 데이터센터 신축공사 착공후지하안전조사용역,,,,,,진행중,1
E00027000081,마곡지구 산업시설용지 D39-2 아이센스 컨소시엄 R&D센터 신축공사,,,,,,진행중,1
E00163000050,2024년 부천지역 주수송관 취약지구 개선공사,2025,5,20250426,20250511,100.00,진행중,1
E00001000093,상봉9 재정비촉진구역 도시정비형 재개발사업,,,,,,진행중,1
E00004000041,경산시 상방공원 민간공원조성 특례사업 비공원시설 공동주택 A블럭 착공후 지하안전조사용역,,,,,,진행중,1
E00150000052,사상근린공원 민간공원조성공사 특례사업 착공후지하안전조사 용역,,,,,,진행중,1
E00200000065,여주-원주 복선전철 착공후지하안전조사용역(2공구),,,,,,진행중,1
E10203000001,대구 범어동 주거복합 신축공사 착공후지하안전조사,,,,,,진행중,1
E10086000059,강릉시 홍제동 영무예다음 어반포레 공동주택 신축공사 착공후지하안전조사,,,,,,진행중,1
E00098000089,대전 선화동 95-3번지 일원 주거복합 신축공사 착공후지하안전조사 용역,,,,,,진행중,1
E10056000034,보성~벌교 천연가스 공급설비 건설공사[평우천+철도횡단 구간],,,,,,진행중,1
E10099000020,폐기물매립시설 조성사업 착공후 지하안전조사 용역,,,,,,진행중,1
E00134000190,숭인지하차도 및 연결도로 건설공사 착공후지하안전조사 용역(2차),,,,,,진행중,1
E10099000021,금왕 테크노밸리 폐기물처리시설 조성사업 착공후지하안전조사용역,,,,,,진행중,1
E10047000067,강남구 청담동 100-19번지 신축공사 착공후지하안전조사서 작성용역,,,,,,진행중,1
E10139000002,종전부동산 이목지구 지하보도 착공후 지하안전 용역,,,,,,진행중,1
E00212000012,군포시 도시관로 복선화사업 착공후지하안전조사 용역,,,,,,진행중,1
E10120000028,착공 후 지하안전 조사용역(과천-동안양T/L 지중화 1차),,,,,,진행중,1
E00169000008,성수동2가 269-28 업무시설 신축공사 착공후지하안전조사,,,,,,진행중,1
E00127000031,노량진 역세권 청년주택 개발사업 착공후지하안전조사,,,,,,진행중,1
E00036000055,캄스퀘어 안산 데이터센터 착공후 지하안전조사 용역,,,,,,진행중,1
E00130000069,"강릉~제진 철도건설 제3,5,7,8공구 착공후지하안전조사용역",,,,,,진행중,1
E00102000218,신길동 1300 역세권 청년주택 신축공사,,,,,,진행중,1
E00102000219,은평뉴타운 진관동 복합시설 신축공사,,,,,,진행중,1
E00134000191,인천검단 신도시 AA28BL 공동주택 신축공사 착공후지하안전조사,,,,,,진행중,1
E00133000133,오산세교 자족시설용지 7BL 지식산업센터 신축공사,,,,,,진행중,1
E00188000027,중동 무지개고가 사거리 열수송관 횡단 착공후 지하안전조사 용역,,,,,,진행중,1
E00042000077,남양주 화도 금남5지구 물류센터 신축공사 착공후지하안전조사,,,,,,진행중,1
E00248000039,성수동2가 아차산로 13길(277-3번지) 업무시설 신축공사 착공후지하안전조사,,,,,,진행중,1
E00036000056,서울시 중구 황학동 공동주택 및 근린생활시설 신축공사 착공후 지하안전조사 용역,,,,,,진행중,1
E00047000211,합정 7구역 복합시설 신축공사,,,,,,진행중,1
E00127000032,구로 데이터센터 신축공사 착공후지하안전조사용역,,,,,,진행중,1
E00066000235,생각공장 영등포 개발사업,,,,,,진행중,1
E00102000221,서소문 제10지구 도시정비형 재개발사업,,,,,,진행중,1
E00100000012,고양 일산테크노밸리 조성공사 착공 후 지하안전조사,,,,,,진행중,1
E00100000013,수암천 하천정비 및 주차장·공원 조성사업 착공후 지하안전 조사,,,,,,진행중,1
E00227000010,자성로 하부 통학로 보행환경 개선사업 착공 후 지하안전조사 용역,,,,,,진행중,1
E00190000121,등촌동 등촌역 청년안심주택 신축공사,,,,,,진행중,1
E10126000004,구례읍 하수도정비 중점관리지역 정비사업 착공후지하안전조사 용역,,,,,,진행중,1
E00223000034,당진기지 건설공사 착공후지하안전조사 용역,,,,,,진행중,1
E00219000006,경기지역 전기공급시설 전력구공사(신가평-동서울1차) 착공후지하안전조사,,,,,,진행중,1
E00027000087,가양동 CJ공장부지 지구단위계획구역 1BL 개발계획,,,,,,진행중,1
E00042000078,울산 신정동 주상복합 신축공사,,,,,,진행중,1
E00176000034,가양동 CJ공장부지 지구단위계획구역 2BL 개발계획 착공후지하안전조사 용역,,,,,,진행중,1
E00035000095,서초동 1317-3외 1필지 신축공사 착공후지하안전조사 용역,,,,,,진행중,1
E00017000122,용인 영덕 신광교 지식산업센터 개발사업 착공후지하안전조사용역,,,,,,진행중,1
E10143000011,가양동 CJ공장부지 지구단위계획구역 3BL 개발계획,2025,1,20250401,20250425,0.00,진행중,1
E00102000225,"서소문 11,12지구 도시정비형 재개발사업",,,,,,진행중,1
E10013000030,옥정~포천 광역철도 건설사업 중 1공구,,,,,,진행중,1
E10000000011,문백SS배전인출 전력구공사(추진관압입) 착공후지하안전조사,,,,,,진행중,1
E10162000021,수표구역 도시정비형 재개발사업 중 착공후지하안전조사 용역,,,,,,진행중,1
E10140000003,J PROJECT 지하안전평가,,,,,,진행중,1
E00056000039,동작구 수방사 공동주택 건설공사 착공후지하안전조사,,,,,,진행중,1
E00023000123,"세운 3-2,3구역 착공후지하안전조사",,,,,,진행중,1
E00083000061,부산광역시 서구 암남동 2-21일원 미진 이지비아 공동주택 신축공사,,,,,,진행중,1
